OpenTime,Position,Symbol,Type,Volume,OpenPrice,S / L,T / P,CloseTime,ClosePrice,Commission,Swap,Profit,_open_dt,_close_dt,_pnl,_strategy,_hold_minutes,CumPnL,Equity,Drawdown_pct
2025.12.22 19:20:08,1377252975,XAUUSD,sell,2.09,4 430.22,4 435.00,4 418.27,2025.12.22 20:00:47,4 435.00,-14.64,0.0,-999.02,2025-12-22 19:20:08,2025-12-22 20:00:47,-999.02,Unknown STRAT,40.65,-999.02,99000.98,-0.0
2025.12.22 20:40:08,1377330344,XAUUSD,sell,0.98,4 435.32,4 445.50,4 409.90,2025.12.22 21:26:32,4 445.51,-6.86,0.0,-998.62,2025-12-22 20:40:08,2025-12-22 21:26:32,-998.62,Unknown STRAT,46.4,-1997.6399999999999,98002.36,-0.9986199999999954
2025.12.22 23:20:08,1377424451,XAUUSD,buy,1.28,4 457.08,4 449.00,4 476.40,2025.12.23 01:01:04,4 476.36,-8.96,0.0,2 467.84,2025-12-22 23:20:08,2025-12-23 01:01:04,2467.84,Unknown STRAT,100.93333333333334,470.2000000000003,100470.2,-0.0
2025.12.23 03:00:08,1377679923,XAUUSD,sell,25.0,4 493.16,4 493.50,4 492.10,2025.12.23 03:00:13,4 493.54,-175.0,0.0,-950,2025-12-23 03:00:08,2025-12-23 03:00:13,-950.0,Unknown STRAT,0.08333333333333333,-479.7999999999997,99520.2,-0.95
2025.12.23 04:00:08,1377735134,XAUUSD,sell,0.88,4 487.18,4 489.80,4 458.88,2025.12.23 11:40:09,4 486.82,-6.16,0.0,31.68,2025-12-23 04:00:08,2025-12-23 11:40:09,31.68,Unknown STRAT,460.01666666666665,-448.1199999999997,99551.88,-0.9183199999999925
2025.12.23 16:40:10,1378910067,XAUUSD,sell,1.21,4 462.98,4 467.00,4 452.55,2025.12.23 16:43:11,4 466.93,-8.48,0.0,-477.95,2025-12-23 16:40:10,2025-12-23 16:43:11,-477.95,Unknown STRAT,3.0166666666666666,-926.0699999999997,99073.93,-1.3962700000000041
2025.12.23 17:40:10,1379009622,XAUUSD,sell,0.67,4 477.58,4 485.00,4 458.82,2025.12.23 18:58:25,4 484.97,-4.7,0.0,-495.13,2025-12-23 17:40:10,2025-12-23 18:58:25,-495.13,Unknown STRAT,78.25,-1421.1999999999998,98578.8,-1.8913999999999942
2025.12.23 17:40:10,1379009630,XAUUSD,sell,0.67,4 477.53,4 485.00,4 459.03,2025.12.23 18:58:25,4 484.97,-4.7,0.0,-498.48,2025-12-23 17:40:10,2025-12-23 18:58:25,-498.48,Unknown STRAT,78.25,-1919.6799999999998,98080.32,-2.38987999999999
2025.12.23 18:00:10,1379039532,XAUUSD,sell,0.36,4 473.85,4 488.00,4 438.76,2025.12.23 19:01:12,4 488.12,-2.52,0.0,-513.72,2025-12-23 18:00:10,2025-12-23 19:01:12,-513.72,Unknown STRAT,61.03333333333333,-2433.3999999999996,97566.6,-2.903599999999991
2025.12.23 19:20:09,1379151860,XAUUSD,sell,0.83,4 488.96,4 495.00,4 473.86,2025.12.23 20:58:15,4 495.04,-5.82,0.0,-504.64,2025-12-23 19:20:09,2025-12-23 20:58:15,-504.64,Unknown STRAT,98.1,-2938.0399999999995,97061.96,-3.408239999999991
2025.12.24 01:00:09,1379471197,XAUUSD,sell,0.96,4 516.40,4 521.50,4 503.26,2025.12.24 01:23:21,4 521.80,-6.72,0.0,-518.4,2025-12-24 01:00:09,2025-12-24 01:23:21,-518.4,Unknown STRAT,23.2,-3456.4399999999996,96543.56,-3.9266399999999995
2025.12.24 01:00:09,1379471225,XAUUSD,buy,4.9,4 516.41,4 515.50,4 519.07,2025.12.24 01:00:37,4 519.05,-34.3,0.0,1 293.60,2025-12-24 01:00:09,2025-12-24 01:00:37,1293.6,Unknown STRAT,0.4666666666666667,-2162.8399999999997,97837.16,-2.6330399999999936
2025.12.24 01:00:10,1379471243,XAUUSD,sell,0.96,4 516.56,4 521.50,4 503.26,2025.12.24 01:23:21,4 521.80,-6.72,0.0,-503.04,2025-12-24 01:00:10,2025-12-24 01:23:21,-503.04,Unknown STRAT,23.183333333333334,-2665.8799999999997,97334.12,-3.1360800000000015
2025.12.24 01:40:09,1379539708,XAUUSD,buy,1.33,4 522.75,4 519.00,4 532.16,2025.12.24 01:59:49,4 519.00,-9.32,0.0,-498.75,2025-12-24 01:40:09,2025-12-24 01:59:49,-498.75,Unknown STRAT,19.666666666666668,-3164.6299999999997,96835.37,-3.6348300000000022
2025.12.24 01:40:09,1379539807,XAUUSD,buy,1.06,4 523.56,4 519.00,4 535.49,2025.12.24 01:59:49,4 519.00,-7.42,0.0,-483.36,2025-12-24 01:40:09,2025-12-24 01:59:49,-483.36,Unknown STRAT,19.666666666666668,-3647.99,96352.01,-4.118190000000002
2025.12.24 02:40:09,1379604795,XAUUSD,sell,0.72,4 509.58,4 516.50,4 492.35,2025.12.24 02:58:39,4 491.46,-5.04,0.0,1 304.64,2025-12-24 02:40:09,2025-12-24 02:58:39,1304.64,Unknown STRAT,18.5,-2343.3499999999995,97656.65,-2.813550000000003
2025.12.24 02:40:10,1379604801,XAUUSD,sell,0.72,4 509.63,4 516.50,4 492.28,2025.12.24 02:58:39,4 491.46,-5.04,0.0,1 308.24,2025-12-24 02:40:10,2025-12-24 02:58:39,1308.24,Unknown STRAT,18.483333333333334,-1035.1099999999994,98964.89,-1.5053099999999977
2025.12.24 03:00:09,1379637599,XAUUSD,sell,0.16,4 485.05,4 516.50,4 406.25,2025.12.24 06:00:09,4 487.78,-1.12,0.0,-43.68,2025-12-24 03:00:09,2025-12-24 06:00:09,-43.68,Unknown STRAT,180.0,-1078.7899999999995,98921.21,-1.5489899999999908
2025.12.24 03:00:09,1379637692,XAUUSD,sell,0.15,4 483.94,4 516.50,4 402.96,2025.12.24 06:00:10,4 487.97,-1.06,0.0,-60.45,2025-12-24 03:00:09,2025-12-24 06:00:10,-60.45,Unknown STRAT,180.01666666666668,-1139.2399999999996,98860.76,-1.6094400000000022
2025.12.24 03:40:09,1379698304,XAUUSD,sell,0.66,4 494.87,4 502.50,4 475.90,2025.12.24 06:40:09,4 495.84,-4.62,0.0,-64.02,2025-12-24 03:40:09,2025-12-24 06:40:09,-64.02,Unknown STRAT,180.0,-1203.2599999999995,98796.74,-1.673459999999992
2025.12.24 06:00:10,1379819478,XAUUSD,sell,0.39,4 487.87,4 500.50,4 456.05,2025.12.24 09:00:09,4 483.33,-2.74,0.0,177.06,2025-12-24 06:00:10,2025-12-24 09:00:09,177.06,Unknown STRAT,179.98333333333332,-1026.1999999999996,98973.8,-1.4963999999999942
2025.12.24 06:20:09,1379838570,XAUUSD,sell,0.43,4 488.80,4 500.50,4 459.48,2025.12.24 09:20:09,4 489.48,-3.02,0.0,-29.24,2025-12-24 06:20:09,2025-12-24 09:20:09,-29.24,Unknown STRAT,180.0,-1055.4399999999996,98944.56,-1.5256399999999994
2025.12.24 07:00:10,1379875498,XAUUSD,sell,0.76,4 493.82,4 500.50,4 477.43,2025.12.24 10:00:09,4 495.04,-5.32,0.0,-92.72,2025-12-24 07:00:10,2025-12-24 10:00:09,-92.72,Unknown STRAT,179.98333333333332,-1148.1599999999996,98851.84,-1.6183600000000007
2025.12.24 09:40:09,1380055847,XAUUSD,sell,0.48,4 488.98,4 499.50,4 463.03,2025.12.24 10:04:35,4 499.61,-3.36,0.0,-510.24,2025-12-24 09:40:09,2025-12-24 10:04:35,-510.24,Unknown STRAT,24.433333333333334,-1658.3999999999996,98341.6,-2.128599999999991
2025.12.24 10:20:09,1380101391,XAUUSD,buy,0.43,4 493.50,4 489.13,4 522.25,2025.12.24 10:32:39,4 488.90,-3.02,0.0,-197.8,2025-12-24 10:20:09,2025-12-24 10:32:39,-197.8,Unknown STRAT,12.5,-1856.1999999999996,98143.8,-2.3263999999999943
2025.12.24 10:20:09,1380101403,XAUUSD,sell,0.9,4 493.43,4 499.00,4 479.51,2025.12.24 13:20:09,4 479.71,-6.3,0.0,1 234.80,2025-12-24 10:20:09,2025-12-24 13:20:09,1234.8,Unknown STRAT,180.0,-621.3999999999996,99378.6,-1.0915999999999912
2025.12.24 10:20:10,1380101412,XAUUSD,sell,0.9,4 493.39,4 496.39,4 479.51,2025.12.24 13:20:09,4 479.41,-6.3,0.0,1 258.20,2025-12-24 10:20:10,2025-12-24 13:20:09,1258.2,Unknown STRAT,179.98333333333332,636.8000000000004,100636.8,-0.0
2025.12.24 10:40:09,1380124296,XAUUSD,sell,0.25,4 484.45,4 504.00,4 435.19,2025.12.24 13:40:09,4 484.87,-1.76,0.0,-10.5,2025-12-24 10:40:09,2025-12-24 13:40:09,-10.5,Unknown STRAT,180.0,626.3000000000004,100626.3,-0.0105
2025.12.24 13:20:10,1380295073,XAUUSD,sell,1.06,4 479.23,4 484.00,4 467.51,2025.12.24 13:33:00,4 484.16,-7.42,0.0,-522.58,2025-12-24 13:20:10,2025-12-24 13:33:00,-522.58,Unknown STRAT,12.833333333333334,103.72000000000037,100103.72,-0.5330800000000018
2025.12.24 14:40:09,1380445361,XAUUSD,sell,0.47,4 472.36,4 483.00,4 445.51,2025.12.24 17:07:01,4 483.08,-3.3,0.0,-503.84,2025-12-24 14:40:09,2025-12-24 17:07:01,-503.84,Unknown STRAT,146.86666666666667,-400.1199999999996,99599.88,-1.0369199999999983
2025.12.24 15:00:12,1380521492,XAUUSD,sell,1.31,4 464.18,4 468.00,4 454.63,2025.12.24 15:02:22,4 468.06,-9.18,0.0,-508.28,2025-12-24 15:00:12,2025-12-24 15:02:22,-508.28,Unknown STRAT,2.1666666666666665,-908.3999999999996,99091.6,-1.545199999999997
2025.12.24 16:00:38,1380672153,XAUUSD,buy,0.87,4 457.31,4 451.50,4 471.73,2025.12.24 16:34:57,4 471.75,-6.1,0.0,1 256.28,2025-12-24 16:00:38,2025-12-24 16:34:57,1256.28,Unknown STRAT,34.31666666666667,347.88000000000034,100347.88,-0.28891999999999823
2025.12.24 16:00:39,1380672162,XAUUSD,buy,0.86,4 457.30,4 451.50,4 471.84,2025.12.24 16:35:01,4 471.87,-6.02,0.0,1 253.02,2025-12-24 16:00:39,2025-12-24 16:35:01,1253.02,Unknown STRAT,34.36666666666667,1600.9000000000003,101600.9,-0.0
2025.12.24 17:00:10,1380758158,XAUUSD,sell,2.91,4 476.28,4 478.00,4 471.98,2025.12.24 17:01:33,4 478.19,-20.38,0.0,-555.81,2025-12-24 17:00:10,2025-12-24 17:01:33,-555.81,Unknown STRAT,1.3833333333333333,1045.0900000000004,101045.09,-0.5558099999999977
2025.12.24 17:00:10,1380758184,XAUUSD,sell,2.91,4 476.34,4 478.00,4 471.98,2025.12.24 17:01:33,4 478.19,-20.38,0.0,-538.35,2025-12-24 17:00:10,2025-12-24 17:01:33,-538.35,Unknown STRAT,1.3833333333333333,506.74000000000035,100506.74,-1.094159999999989
2025.12.26 01:20:09,1381459028,XAUUSD,sell,2.55,4 512.08,4 514.00,4 507.14,2025.12.26 01:20:35,4 514.15,-17.86,0.0,-527.85,2025-12-26 01:20:09,2025-12-26 01:20:35,-527.85,Unknown STRAT,0.43333333333333335,-21.109999999999673,99978.89,-1.6220099999999948
2025.12.26 04:20:09,1381691345,XAUUSD,buy,0.46,4 506.40,4 495.50,4 533.65,2025.12.26 07:20:09,4 513.68,-3.22,0.0,334.88,2025-12-26 04:20:09,2025-12-26 07:20:09,334.88,Unknown STRAT,180.0,313.7700000000003,100313.77,-1.2871299999999901
2025.12.26 04:20:10,1381691348,XAUUSD,buy,0.46,4 506.40,4 495.50,4 533.65,2025.12.26 07:20:09,4 513.68,-3.22,0.0,334.88,2025-12-26 04:20:10,2025-12-26 07:20:09,334.88,Unknown STRAT,179.98333333333332,648.6500000000003,100648.65,-0.9522499999999999
2025.12.26 05:20:09,1381735305,XAUUSD,sell,0.65,4 506.36,4 514.00,4 487.12,2025.12.26 05:31:20,4 513.75,-4.56,0.0,-480.35,2025-12-26 05:20:09,2025-12-26 05:31:20,-480.35,Unknown STRAT,11.183333333333334,168.3000000000003,100168.3,-1.4325999999999914
2025.12.26 07:00:09,1381837548,XAUUSD,sell,0.65,4 511.83,4 519.50,4 492.62,2025.12.26 08:59:26,4 519.45,-4.56,0.0,-495.3,2025-12-26 07:00:09,2025-12-26 08:59:26,-495.3,Unknown STRAT,119.28333333333333,-326.9999999999997,99673.0,-1.9278999999999942
2025.12.26 07:40:09,1381874286,XAUUSD,sell,0.5,4 510.52,4 520.50,4 485.57,2025.12.26 09:00:17,4 520.48,-3.5,0.0,-498,2025-12-26 07:40:09,2025-12-26 09:00:17,-498.0,Unknown STRAT,80.13333333333334,-824.9999999999998,99175.0,-2.425899999999994
2025.12.26 07:40:09,1381874291,XAUUSD,sell,0.5,4 510.52,4 520.50,4 485.57,2025.12.26 09:00:17,4 520.48,-3.5,0.0,-498,2025-12-26 07:40:09,2025-12-26 09:00:17,-498.0,Unknown STRAT,80.13333333333334,-1322.9999999999998,98677.0,-2.9238999999999944
2025.12.26 09:00:09,1381949876,XAUUSD,sell,5.81,4 519.62,4 520.50,4 517.49,2025.12.26 09:00:17,4 520.48,-40.68,0.0,-499.66,2025-12-26 09:00:09,2025-12-26 09:00:17,-499.66,Unknown STRAT,0.13333333333333333,-1822.6599999999999,98177.34,-3.4235599999999975
2025.12.26 09:20:09,1381968403,XAUUSD,buy,0.5,4 515.94,4 506.00,4 540.79,2025.12.26 11:10:45,4 504.36,-3.5,0.0,-579,2025-12-26 09:20:09,2025-12-26 11:10:45,-579.0,Unknown STRAT,110.6,-2401.66,97598.34,-4.002559999999997
2025.12.26 10:20:13,1382025635,XAUUSD,buy,0.27,4 521.25,4 504.00,4 568.79,2025.12.26 11:10:54,4 503.80,-1.9,0.0,-471.15,2025-12-26 10:20:13,2025-12-26 11:10:54,-471.15,Unknown STRAT,50.68333333333333,-2872.81,97127.19,-4.473709999999992
2025.12.26 10:20:14,1382025794,XAUUSD,buy,0.29,4 521.19,4 504.00,4 564.38,2025.12.26 11:10:54,4 503.80,-2.04,0.0,-504.31,2025-12-26 10:20:14,2025-12-26 11:10:54,-504.31,Unknown STRAT,50.666666666666664,-3377.12,96622.88,-4.978019999999989
2025.12.26 11:20:09,1382092922,XAUUSD,buy,0.82,4 511.10,4 505.00,4 526.35,2025.12.26 11:29:02,4 505.12,-5.74,0.0,-490.36,2025-12-26 11:20:09,2025-12-26 11:29:02,-490.36,Unknown STRAT,8.883333333333333,-3867.48,96132.52,-5.46837999999999
2025.12.26 11:20:10,1382092930,XAUUSD,buy,0.82,4 511.10,4 505.00,4 526.35,2025.12.26 11:29:02,4 505.12,-5.74,0.0,-490.36,2025-12-26 11:20:10,2025-12-26 11:29:02,-490.36,Unknown STRAT,8.866666666666667,-4357.84,95642.16,-5.958739999999991
2025.12.26 13:00:09,1382202521,XAUUSD,sell,0.37,4 505.64,4 519.50,4 471.69,2025.12.26 13:25:09,4 519.19,-2.6,0.0,-501.35,2025-12-26 13:00:09,2025-12-26 13:25:09,-501.35,Unknown STRAT,25.0,-4859.1900000000005,95140.81,-6.460089999999996
2025.12.26 13:00:10,1382202547,XAUUSD,sell,0.36,4 505.68,4 519.50,4 470.99,2025.12.26 13:25:09,4 519.19,-2.52,0.0,-486.36,2025-12-26 13:00:10,2025-12-26 13:25:09,-486.36,Unknown STRAT,24.983333333333334,-5345.55,94654.45,-6.946449999999997
2025.12.26 14:40:09,1382393250,XAUUSD,buy,0.69,4 526.12,4 519.00,4 544.27,2025.12.26 14:47:34,4 518.52,-4.84,0.0,-524.4,2025-12-26 14:40:09,2025-12-26 14:47:34,-524.4,Unknown STRAT,7.416666666666667,-5869.95,94130.05,-7.4708499999999916
2025.12.26 14:40:09,1382393283,XAUUSD,buy,0.71,4 526.02,4 519.00,4 543.68,2025.12.26 14:47:34,4 518.52,-4.98,0.0,-532.5,2025-12-26 14:40:09,2025-12-26 14:47:34,-532.5,Unknown STRAT,7.416666666666667,-6402.45,93597.55,-8.00334999999999
2025.12.26 15:40:10,1382547687,XAUUSD,buy,0.61,4 540.15,4 532.00,4 560.60,2025.12.26 16:52:09,4 531.54,-4.28,0.0,-525.21,2025-12-26 15:40:10,2025-12-26 16:52:09,-525.21,Unknown STRAT,71.98333333333333,-6927.66,93072.34,-8.528559999999997
2025.12.26 15:40:10,1382547705,XAUUSD,buy,0.61,4 540.16,4 532.00,4 560.60,2025.12.26 16:52:09,4 531.54,-4.28,0.0,-525.82,2025-12-26 15:40:10,2025-12-26 16:52:09,-525.82,Unknown STRAT,71.98333333333333,-7453.48,92546.52,-9.05437999999999
2025.12.26 21:20:09,1383043557,XAUUSD,sell,0.54,4 528.79,4 538.00,4 505.76,2025.12.28 23:02:00,4 543.89,-3.78,30.69,-815.4,2025-12-26 21:20:09,2025-12-28 23:02:00,-815.4,Unknown STRAT,2981.85,-8268.88,91731.12,-9.869779999999999
2025.12.26 21:20:10,1383043559,XAUUSD,sell,0.54,4 528.79,4 538.00,4 505.76,2025.12.28 23:02:00,4 543.89,-3.78,30.69,-815.4,2025-12-26 21:20:10,2025-12-28 23:02:00,-815.4,Unknown STRAT,2981.8333333333335,-9084.279999999999,90915.72,-10.685179999999992
2025.12.26 21:40:09,1383057059,XAUUSD,sell,0.94,4 532.62,4 538.00,4 519.38,2025.12.28 23:02:00,4 543.89,-6.58,53.42,-1 059.38,2025-12-26 21:40:09,2025-12-28 23:02:00,-1059.38,Unknown STRAT,2961.85,-10143.66,89856.34,-11.744559999999998
2025.12.29 00:40:10,1383699194,XAUUSD,sell,0.32,4 494.96,4 510.50,4 456.11,2025.12.29 01:10:11,4 511.28,-2.24,0.0,-522.24,2025-12-29 00:40:10,2025-12-29 01:10:11,-522.24,Unknown STRAT,30.016666666666666,-10665.9,89334.1,-12.26679999999999
2025.12.29 00:40:10,1383699198,XAUUSD,sell,0.32,4 494.96,4 510.50,4 456.11,2025.12.29 01:10:11,4 511.28,-2.24,0.0,-522.24,2025-12-29 00:40:10,2025-12-29 01:10:11,-522.24,Unknown STRAT,30.016666666666666,-11188.14,88811.86,-12.789039999999993
2025.12.29 00:40:11,1383699203,XAUUSD,sell,0.32,4 495.04,4 510.50,4 456.11,2025.12.29 01:10:11,4 511.28,-2.24,0.0,-519.68,2025-12-29 00:40:11,2025-12-29 01:10:11,-519.68,Unknown STRAT,30.0,-11707.82,88292.18,-13.308720000000001
2025.12.29 03:00:09,1383932138,XAUUSD,sell,0.79,4 513.15,4 519.50,4 497.49,2025.12.29 03:35:04,4 520.49,-5.54,0.0,-579.86,2025-12-29 03:00:09,2025-12-29 03:35:04,-579.86,Unknown STRAT,34.916666666666664,-12287.68,87712.32,-13.888579999999987
2025.12.29 03:20:09,1383953062,XAUUSD,sell,0.7,4 514.81,4 522.00,4 496.84,2025.12.29 06:20:17,4 504.90,-4.9,0.0,693.7,2025-12-29 03:20:09,2025-12-29 06:20:17,693.7,Unknown STRAT,180.13333333333333,-11593.98,88406.02,-13.194879999999989
2025.12.29 03:40:09,1383976549,XAUUSD,sell,0.93,4 516.10,4 521.50,4 502.60,2025.12.29 06:01:28,4 502.56,-6.52,0.0,1 259.22,2025-12-29 03:40:09,2025-12-29 06:01:28,1259.22,Unknown STRAT,141.31666666666666,-10334.76,89665.24,-11.93565999999999
2025.12.29 04:00:09,1383993035,XAUUSD,sell,0.9,4 516.71,4 522.00,4 502.57,2025.12.29 06:01:28,4 502.54,-6.3,0.0,1 275.30,2025-12-29 04:00:09,2025-12-29 06:01:28,1275.3,Unknown STRAT,121.31666666666666,-9059.460000000001,90940.54,-10.66036
2025.12.29 07:20:09,1384304076,XAUUSD,buy,0.46,4 480.42,4 469.50,4 507.86,2025.12.29 08:01:51,4 469.03,-3.22,0.0,-523.94,2025-12-29 07:20:09,2025-12-29 08:01:51,-523.94,Unknown STRAT,41.7,-9583.400000000001,90416.6,-11.184299999999988
2025.12.29 09:00:10,1384493303,XAUUSD,buy,1.52,4 461.46,4 458.00,4 469.51,2025.12.29 09:43:54,4 469.49,-10.64,0.0,1 220.56,2025-12-29 09:00:10,2025-12-29 09:43:54,1220.56,Unknown STRAT,43.733333333333334,-8362.840000000002,91637.16,-9.96373999999999
2025.12.29 09:40:09,1384559938,XAUUSD,sell,0.98,4 466.00,4 471.00,4 453.15,2025.12.29 09:44:17,4 471.10,-6.86,0.0,-499.8,2025-12-29 09:40:09,2025-12-29 09:44:17,-499.8,Unknown STRAT,4.133333333333334,-8862.640000000001,91137.36,-10.463539999999993
2025.12.29 09:40:10,1384560027,XAUUSD,sell,1.0,4 466.06,4 471.00,4 453.50,2025.12.29 09:44:17,4 471.10,-7.0,0.0,-504,2025-12-29 09:40:10,2025-12-29 09:44:17,-504.0,Unknown STRAT,4.116666666666666,-9366.640000000001,90633.36,-10.967539999999994
2025.12.29 11:00:09,1384670979,XAUUSD,buy,0.55,4 461.07,4 452.00,4 483.68,2025.12.29 11:39:18,4 451.88,-3.86,0.0,-505.45,2025-12-29 11:00:09,2025-12-29 11:39:18,-505.45,Unknown STRAT,39.15,-9872.090000000002,90127.91,-11.47298999999999
2025.12.29 12:40:09,1384848098,XAUUSD,sell,2.07,4 461.13,4 463.50,4 455.07,2025.12.29 12:40:54,4 463.94,-14.5,0.0,-581.67,2025-12-29 12:40:09,2025-12-29 12:40:54,-581.67,Unknown STRAT,0.75,-10453.760000000002,89546.23999999999,-12.054660000000004
2025.12.29 13:20:10,1384917728,XAUUSD,sell,0.32,4 454.99,4 471.00,4 416.26,2025.12.29 13:49:01,4 415.70,-2.24,0.0,1 257.28,2025-12-29 13:20:10,2025-12-29 13:49:01,1257.28,Unknown STRAT,28.85,-9196.480000000001,90803.52,-10.79737999999999
2025.12.29 13:20:10,1384917739,XAUUSD,sell,0.31,4 455.12,4 471.00,4 414.96,2025.12.29 13:50:42,4 414.98,-2.18,0.0,1 244.34,2025-12-29 13:20:10,2025-12-29 13:50:42,1244.34,Unknown STRAT,30.533333333333335,-7952.140000000001,92047.86,-9.553039999999994
2025.12.29 14:20:09,1385107244,XAUUSD,sell,0.14,4 395.14,4 432.00,4 303.06,2025.12.29 17:20:09,4 331.56,-0.98,0.0,890.12,2025-12-29 14:20:09,2025-12-29 17:20:09,890.12,Unknown STRAT,180.0,-7062.020000000001,92937.98,-8.662919999999998
2025.12.29 14:20:09,1385107262,XAUUSD,sell,0.14,4 395.47,4 432.00,4 303.27,2025.12.29 15:22:09,4 306.76,-0.98,0.0,1 241.94,2025-12-29 14:20:09,2025-12-29 15:22:09,1241.94,Unknown STRAT,62.0,-5820.080000000002,94179.92,-7.420979999999997
2025.12.29 14:20:10,1385107284,XAUUSD,sell,0.14,4 395.48,4 432.00,4 304.15,2025.12.29 15:22:09,4 306.76,-0.98,0.0,1 242.08,2025-12-29 14:20:10,2025-12-29 15:22:09,1242.08,Unknown STRAT,61.983333333333334,-4578.000000000002,95422.0,-6.178899999999994
2025.12.29 15:40:09,1385418681,XAUUSD,buy,0.81,4 326.98,4 321.00,4 342.52,2025.12.29 16:12:23,4 342.40,-5.68,0.0,1 249.02,2025-12-29 15:40:09,2025-12-29 16:12:23,1249.02,Unknown STRAT,32.233333333333334,-3328.980000000002,96671.02,-4.92987999999999
2025.12.29 15:40:09,1385418686,XAUUSD,buy,0.84,4 326.94,4 321.00,4 341.93,2025.12.29 16:12:23,4 342.30,-5.88,0.0,1 290.24,2025-12-29 15:40:09,2025-12-29 16:12:23,1290.24,Unknown STRAT,32.233333333333334,-2038.7400000000018,97961.26,-3.6396399999999995
2025.12.29 17:00:09,1385593953,XAUUSD,sell,0.49,4 342.24,4 352.00,4 316.23,2025.12.29 17:40:02,4 316.21,-3.44,0.0,1 275.47,2025-12-29 17:00:09,2025-12-29 17:40:02,1275.47,Unknown STRAT,39.88333333333333,-763.2700000000018,99236.73,-2.3641699999999983
2025.12.29 17:00:10,1385593971,XAUUSD,sell,0.52,4 342.33,4 352.00,4 318.26,2025.12.29 17:38:36,4 317.84,-3.64,0.0,1 273.48,2025-12-29 17:00:10,2025-12-29 17:38:36,1273.48,Unknown STRAT,38.43333333333333,510.2099999999982,100510.20999999999,-1.0906900000000024
2025.12.29 17:20:10,1385631164,XAUUSD,sell,0.24,4 331.52,4 352.00,4 280.29,2025.12.29 20:20:10,4 340.27,-1.68,0.0,-210,2025-12-29 17:20:10,2025-12-29 20:20:10,-210.0,Unknown STRAT,180.0,300.2099999999982,100300.20999999999,-1.3006900000000023
2025.12.29 17:40:10,1385670073,XAUUSD,sell,0.22,4 319.26,4 342.00,4 262.30,2025.12.29 20:03:18,4 342.01,-1.54,0.0,-500.5,2025-12-29 17:40:10,2025-12-29 20:03:18,-500.5,Unknown STRAT,143.13333333333333,-200.29000000000178,99799.70999999999,-1.801190000000002
2025.12.29 17:40:10,1385670084,XAUUSD,sell,0.22,4 318.87,4 342.00,4 262.41,2025.12.29 20:03:18,4 342.01,-1.54,0.0,-509.08,2025-12-29 17:40:10,2025-12-29 20:03:18,-509.08,Unknown STRAT,143.13333333333333,-709.3700000000017,99290.63,-2.31026999999999
2025.12.29 20:40:09,1385901793,XAUUSD,sell,0.75,4 330.34,4 337.00,4 313.62,2025.12.29 21:08:01,4 337.02,-5.26,0.0,-501,2025-12-29 20:40:09,2025-12-29 21:08:01,-501.0,Unknown STRAT,27.866666666666667,-1210.3700000000017,98789.63,-2.8112699999999897
2025.12.29 21:00:09,1385926413,XAUUSD,buy,1.85,4 333.70,4 331.00,4 340.49,2025.12.29 21:01:21,4 330.67,-12.96,0.0,-560.55,2025-12-29 21:00:09,2025-12-29 21:01:21,-560.55,Unknown STRAT,1.2,-1770.9200000000017,98229.08,-3.371819999999993
2025.12.29 21:00:09,1385926440,XAUUSD,buy,1.85,4 333.60,4 331.00,4 340.45,2025.12.29 21:01:21,4 330.67,-12.96,0.0,-542.05,2025-12-29 21:00:09,2025-12-29 21:01:21,-542.05,Unknown STRAT,1.2,-2312.9700000000016,97687.03,-3.9138699999999957
2025.12.29 21:20:10,1385947929,XAUUSD,sell,1.09,4 334.92,4 339.50,4 323.47,2025.12.29 23:02:12,4 339.28,-7.64,61.94,-475.24,2025-12-29 21:20:10,2025-12-29 23:02:12,-475.24,Unknown STRAT,102.03333333333333,-2788.210000000002,97211.79,-4.3891100000000005
2025.12.29 21:40:09,1385963353,XAUUSD,sell,0.36,4 328.48,4 342.50,4 293.43,2025.12.29 23:05:46,4 342.70,-2.52,20.46,-511.92,2025-12-29 21:40:09,2025-12-29 23:05:46,-511.92,Unknown STRAT,85.61666666666666,-3300.130000000002,96699.87,-4.901029999999999
2025.12.29 21:40:09,1385963375,XAUUSD,sell,0.36,4 328.48,4 342.50,4 293.43,2025.12.29 23:05:46,4 342.70,-2.52,20.46,-511.92,2025-12-29 21:40:09,2025-12-29 23:05:46,-511.92,Unknown STRAT,85.61666666666666,-3812.050000000002,96187.95,-5.412949999999997
2025.12.29 23:40:09,1386026914,XAUUSD,sell,1.12,4 330.94,4 335.50,4 319.85,2025.12.29 23:43:38,4 335.59,-7.84,0.0,-520.8,2025-12-29 23:40:09,2025-12-29 23:43:38,-520.8,Unknown STRAT,3.4833333333333334,-4332.850000000002,95667.15,-5.93375
2025.12.29 23:40:09,1386026910,XAUUSD,sell,1.12,4 331.03,4 335.50,4 319.85,2025.12.29 23:43:38,4 335.59,-7.84,0.0,-510.72,2025-12-29 23:40:09,2025-12-29 23:43:38,-510.72,Unknown STRAT,3.4833333333333334,-4843.570000000002,95156.43,-6.444470000000001
2025.12.29 23:40:10,1386026939,XAUUSD,sell,1.1,4 330.94,4 335.50,4 319.54,2025.12.29 23:43:38,4 335.59,-7.7,0.0,-511.5,2025-12-29 23:40:10,2025-12-29 23:43:38,-511.5,Unknown STRAT,3.466666666666667,-5355.070000000002,94644.93,-6.9559700000000015
2025.12.30 00:40:09,1386083256,XAUUSD,sell,0.31,4 343.34,4 359.50,4 302.94,2025.12.30 01:56:13,4 359.61,-2.18,0.0,-504.37,2025-12-30 00:40:09,2025-12-30 01:56:13,-504.37,Unknown STRAT,76.06666666666666,-5859.440000000002,94140.56,-7.460339999999996
2025.12.30 00:40:09,1386083268,XAUUSD,sell,0.31,4 342.85,4 359.50,4 302.94,2025.12.30 01:56:13,4 359.61,-2.18,0.0,-519.56,2025-12-30 00:40:09,2025-12-30 01:56:13,-519.56,Unknown STRAT,76.06666666666666,-6379.000000000002,93621.0,-7.9798999999999936
2025.12.30 01:40:09,1386151787,XAUUSD,sell,0.43,4 339.45,4 351.00,4 310.09,2025.12.30 01:49:07,4 352.56,-3.02,0.0,-563.73,2025-12-30 01:40:09,2025-12-30 01:49:07,-563.73,Unknown STRAT,8.966666666666667,-6942.730000000001,93057.27,-8.54362999999999
2025.12.30 03:20:09,1386275440,XAUUSD,buy,0.47,4 365.30,4 354.50,4 392.02,2025.12.30 06:20:10,4 370.62,-3.3,0.0,250.04,2025-12-30 03:20:09,2025-12-30 06:20:10,250.04,Unknown STRAT,180.01666666666668,-6692.690000000001,93307.31,-8.293589999999996
2025.12.30 03:40:09,1386294451,XAUUSD,buy,0.51,4 364.34,4 354.50,4 388.87,2025.12.30 06:40:09,4 363.80,-3.58,0.0,-27.54,2025-12-30 03:40:09,2025-12-30 06:40:09,-27.54,Unknown STRAT,180.0,-6720.230000000001,93279.77,-8.321129999999991
2025.12.30 03:40:10,1386294454,XAUUSD,sell,1.06,4 364.42,4 369.00,4 352.51,2025.12.30 04:40:46,4 369.20,-7.42,0.0,-506.68,2025-12-30 03:40:10,2025-12-30 04:40:46,-506.68,Unknown STRAT,60.6,-7226.910000000002,92773.09,-8.827809999999998
2025.12.30 05:40:09,1386413708,XAUUSD,buy,0.21,4 378.02,4 354.50,4 436.79,2025.12.30 08:29:38,4 354.48,-1.48,0.0,-494.34,2025-12-30 05:40:09,2025-12-30 08:29:38,-494.34,Unknown STRAT,169.48333333333332,-7721.250000000002,92278.75,-9.322149999999993
2025.12.30 07:20:10,1386536606,XAUUSD,sell,2.81,4 371.22,4 373.00,4 366.77,2025.12.30 07:23:34,4 366.72,-19.68,0.0,1 264.50,2025-12-30 07:20:10,2025-12-30 07:23:34,1264.5,Unknown STRAT,3.4,-6456.750000000002,93543.25,-8.057649999999994
2025.12.30 07:40:09,1386559509,XAUUSD,sell,0.76,4 373.91,4 380.50,4 357.54,2025.12.30 07:49:35,4 380.47,-5.32,0.0,-498.56,2025-12-30 07:40:09,2025-12-30 07:49:35,-498.56,Unknown STRAT,9.433333333333334,-6955.310000000002,93044.69,-8.556209999999991
2025.12.30 08:00:10,1386590186,XAUUSD,sell,0.53,4 370.98,4 380.50,4 347.18,2025.12.30 10:26:51,4 380.95,-3.72,0.0,-528.41,2025-12-30 08:00:10,2025-12-30 10:26:51,-528.41,Unknown STRAT,146.68333333333334,-7483.720000000002,92516.28,-9.084619999999996
2025.12.30 08:00:10,1386590195,XAUUSD,sell,0.53,4 370.83,4 380.50,4 347.18,2025.12.30 10:26:51,4 380.95,-3.72,0.0,-536.36,2025-12-30 08:00:10,2025-12-30 10:26:51,-536.36,Unknown STRAT,146.68333333333334,-8020.080000000002,91979.92,-9.620979999999996
2025.12.30 09:00:09,1386684676,XAUUSD,buy,0.26,4 365.31,4 346.00,4 413.27,2025.12.30 12:00:09,4 384.53,-1.82,0.0,499.72,2025-12-30 09:00:09,2025-12-30 12:00:09,499.72,Unknown STRAT,180.0,-7520.3600000000015,92479.64,-9.121259999999994
2025.12.30 11:00:09,1386852876,XAUUSD,sell,0.36,4 385.60,4 399.50,4 350.85,2025.12.30 12:39:36,4 399.47,-2.52,0.0,-499.32,2025-12-30 11:00:09,2025-12-30 12:39:36,-499.32,Unknown STRAT,99.45,-8019.680000000001,91980.31999999999,-9.620580000000002
2025.12.30 11:20:09,1386876094,XAUUSD,buy,0.31,4 388.46,4 372.50,4 428.57,2025.12.30 14:20:09,4 384.24,-2.18,0.0,-130.82,2025-12-30 11:20:09,2025-12-30 14:20:09,-130.82,Unknown STRAT,180.0,-8150.500000000001,91849.5,-9.751399999999995
2025.12.30 12:40:10,1386978034,XAUUSD,sell,1.28,4 399.59,4 403.50,4 389.82,2025.12.30 13:00:48,4 403.62,-8.96,0.0,-515.84,2025-12-30 12:40:10,2025-12-30 13:00:48,-515.84,Unknown STRAT,20.633333333333333,-8666.34,91333.66,-10.267239999999992
2025.12.30 12:40:10,1386978047,XAUUSD,sell,1.28,4 399.69,4 403.50,4 389.82,2025.12.30 13:00:48,4 403.62,-8.96,0.0,-503.04,2025-12-30 12:40:10,2025-12-30 13:00:48,-503.04,Unknown STRAT,20.633333333333333,-9169.380000000001,90830.62,-10.77028
2025.12.30 13:20:10,1387043562,XAUUSD,sell,0.85,4 392.87,4 399.00,4 378.49,2025.12.30 13:33:11,4 378.42,-5.96,0.0,1 228.25,2025-12-30 13:20:10,2025-12-30 13:33:11,1228.25,Unknown STRAT,13.016666666666667,-7941.130000000001,92058.87,-9.542029999999999
2025.12.30 14:20:09,1387162023,XAUUSD,sell,0.38,4 384.37,4 397.50,4 351.09,2025.12.30 17:20:09,4 373.96,-2.66,0.0,395.58,2025-12-30 14:20:09,2025-12-30 17:20:09,395.58,Unknown STRAT,180.0,-7545.550000000001,92454.45,-9.146449999999998
2025.12.30 14:20:10,1387162060,XAUUSD,sell,0.38,4 384.40,4 397.50,4 351.55,2025.12.30 17:20:09,4 373.99,-2.66,0.0,395.58,2025-12-30 14:20:10,2025-12-30 17:20:09,395.58,Unknown STRAT,179.98333333333332,-7149.970000000001,92850.03,-8.750869999999995
2025.12.30 15:40:10,1387382175,XAUUSD,sell,0.51,4 372.20,4 382.00,4 347.56,2025.12.30 18:40:09,4 366.40,-3.58,0.0,295.8,2025-12-30 15:40:10,2025-12-30 18:40:09,295.8,Unknown STRAT,179.98333333333332,-6854.170000000001,93145.83,-8.455069999999992
2025.12.30 17:40:09,1387581255,XAUUSD,sell,0.88,4 372.33,4 378.00,4 358.12,2025.12.30 18:05:50,4 378.04,-6.16,0.0,-502.48,2025-12-30 17:40:09,2025-12-30 18:05:50,-502.48,Unknown STRAT,25.683333333333334,-7356.6500000000015,92643.35,-8.957549999999987
2025.12.30 19:20:09,1387700787,XAUUSD,sell,0.72,4 365.56,4 372.50,4 348.18,2025.12.30 19:49:02,4 348.07,-5.04,0.0,1 259.28,2025-12-30 19:20:09,2025-12-30 19:49:02,1259.28,Unknown STRAT,28.883333333333333,-6097.370000000002,93902.63,-7.698269999999989
2025.12.30 19:20:09,1387700804,XAUUSD,sell,0.72,4 365.60,4 372.50,4 348.35,2025.12.30 19:49:02,4 348.07,-5.04,0.0,1 262.16,2025-12-30 19:20:09,2025-12-30 19:49:02,1262.16,Unknown STRAT,28.883333333333333,-4835.210000000002,95164.79,-6.43611
2025.12.30 20:00:09,1387762274,XAUUSD,sell,0.53,4 349.14,4 358.50,4 325.21,2025.12.30 23:05:49,4 340.63,-3.72,25.31,451.03,2025-12-30 20:00:09,2025-12-30 23:05:49,451.03,Unknown STRAT,185.66666666666666,-4384.180000000002,95615.81999999999,-5.985080000000002
2025.12.30 20:00:10,1387762294,XAUUSD,sell,0.53,4 349.15,4 358.50,4 325.57,2025.12.30 23:05:50,4 340.52,-3.72,25.31,457.39,2025-12-30 20:00:10,2025-12-30 23:05:50,457.39,Unknown STRAT,185.66666666666666,-3926.7900000000022,96073.20999999999,-5.527690000000002
2025.12.30 21:00:09,1387834153,XAUUSD,sell,0.42,4 342.03,4 354.00,4 312.10,2025.12.31 00:00:09,4 341.16,-2.94,20.05,36.54,2025-12-30 21:00:09,2025-12-31 00:00:09,36.54,Unknown STRAT,180.0,-3890.2500000000023,96109.75,-5.491149999999994
2025.12.31 01:00:09,1388005687,XAUUSD,sell,0.76,4 339.46,4 346.00,4 322.90,2025.12.31 01:03:09,4 346.33,-5.32,0.0,-522.12,2025-12-31 01:00:09,2025-12-31 01:03:09,-522.12,Unknown STRAT,3.0,-4412.370000000003,95587.63,-6.01326999999999
2025.12.31 01:00:09,1388005703,XAUUSD,sell,0.76,4 339.92,4 346.00,4 323.11,2025.12.31 01:03:09,4 346.33,-5.32,0.0,-487.16,2025-12-31 01:00:09,2025-12-31 01:03:09,-487.16,Unknown STRAT,3.0,-4899.5300000000025,95100.47,-6.5004299999999935
2025.12.31 01:20:09,1388036936,XAUUSD,buy,0.56,4 354.43,4 345.50,4 376.79,2025.12.31 03:01:04,4 345.54,-3.92,0.0,-497.84,2025-12-31 01:20:09,2025-12-31 03:01:04,-497.84,Unknown STRAT,100.91666666666667,-5397.370000000003,94602.63,-6.99826999999999
2025.12.31 01:20:10,1388036942,XAUUSD,buy,0.56,4 354.44,4 345.50,4 376.76,2025.12.31 03:01:04,4 345.54,-3.92,0.0,-498.4,2025-12-31 01:20:10,2025-12-31 03:01:04,-498.4,Unknown STRAT,100.9,-5895.770000000002,94104.23,-7.496669999999998
2025.12.31 02:20:09,1388109306,XAUUSD,sell,0.38,4 362.22,4 375.50,4 329.09,2025.12.31 05:20:09,4 334.22,-2.66,0.0,1 064.00,2025-12-31 02:20:09,2025-12-31 05:20:09,1064.0,Unknown STRAT,180.0,-4831.770000000002,95168.23,-6.432669999999999
2025.12.31 03:20:10,1388182132,XAUUSD,buy,0.41,4 353.44,4 341.00,4 383.49,2025.12.31 03:24:37,4 340.94,-2.88,0.0,-512.5,2025-12-31 03:20:10,2025-12-31 03:24:37,-512.5,Unknown STRAT,4.45,-5344.270000000002,94655.73,-6.945169999999997
2025.12.31 03:20:10,1388182133,XAUUSD,buy,0.4,4 353.46,4 341.00,4 384.54,2025.12.31 03:24:37,4 340.94,-2.8,0.0,-500.8,2025-12-31 03:20:10,2025-12-31 03:24:37,-500.8,Unknown STRAT,4.45,-5845.070000000002,94154.93,-7.445970000000002
2025.12.31 05:00:09,1388278630,XAUUSD,sell,0.39,4 331.22,4 344.00,4 299.27,2025.12.31 05:52:42,4 299.06,-2.74,0.0,1 254.24,2025-12-31 05:00:09,2025-12-31 05:52:42,1254.24,Unknown STRAT,52.55,-4590.830000000003,95409.17,-6.191729999999996
2025.12.31 05:40:09,1388328600,XAUUSD,sell,0.37,4 331.28,4 344.50,4 297.29,2025.12.31 05:53:03,4 290.21,-2.6,0.0,1 519.59,2025-12-31 05:40:09,2025-12-31 05:53:03,1519.59,Unknown STRAT,12.9,-3071.2400000000025,96928.76,-4.67214
2025.12.31 05:40:09,1388328622,XAUUSD,sell,0.38,4 331.39,4 344.50,4 298.23,2025.12.31 05:52:48,4 298.01,-2.66,0.0,1 268.44,2025-12-31 05:40:09,2025-12-31 05:52:48,1268.44,Unknown STRAT,12.65,-1802.8000000000025,98197.2,-3.403699999999997
2025.12.31 06:00:09,1388388164,XAUUSD,sell,0.09,4 285.92,4 344.50,4 145.95,2025.12.31 09:00:09,4 309.37,-0.64,0.0,-211.05,2025-12-31 06:00:09,2025-12-31 09:00:09,-211.05,Unknown STRAT,180.0,-2013.8500000000024,97986.15,-3.61475
2025.12.31 06:00:10,1388388271,XAUUSD,sell,0.08,4 285.81,4 344.50,4 138.28,2025.12.31 09:00:10,4 309.03,-0.56,0.0,-185.76,2025-12-31 06:00:10,2025-12-31 09:00:10,-185.76,Unknown STRAT,180.0,-2199.6100000000024,97800.39,-3.8005099999999943
2025.12.31 06:00:10,1388388220,XAUUSD,sell,0.09,4 285.58,4 344.50,4 139.47,2025.12.31 09:00:10,4 309.05,-0.64,0.0,-211.23,2025-12-31 06:00:10,2025-12-31 09:00:10,-211.23,Unknown STRAT,180.0,-2410.8400000000024,97589.16,-4.011739999999991
2025.12.31 10:00:10,1388693379,XAUUSD,sell,0.5,4 326.42,4 336.50,4 301.32,2025.12.31 13:00:10,4 314.12,-3.5,0.0,615,2025-12-31 10:00:10,2025-12-31 13:00:10,615.0,Unknown STRAT,180.0,-1795.8400000000024,98204.16,-3.3967399999999905
2025.12.31 10:00:10,1388693423,XAUUSD,sell,0.5,4 326.42,4 336.50,4 301.22,2025.12.31 13:00:11,4 314.20,-3.5,0.0,611,2025-12-31 10:00:10,2025-12-31 13:00:11,611.0,Unknown STRAT,180.01666666666668,-1184.8400000000024,98815.16,-2.785739999999991
2025.12.31 11:20:09,1388791966,XAUUSD,sell,1.12,4 313.04,4 317.50,4 301.89,2025.12.31 12:43:51,4 317.80,-7.84,0.0,-533.12,2025-12-31 11:20:09,2025-12-31 12:43:51,-533.12,Unknown STRAT,83.7,-1717.9600000000023,98282.04,-3.3188600000000004
2025.12.31 13:00:10,1388907289,XAUUSD,sell,1.01,4 314.11,4 319.00,4 301.60,2025.12.31 13:21:33,4 318.95,-7.08,0.0,-488.84,2025-12-31 13:00:10,2025-12-31 13:21:33,-488.84,Unknown STRAT,21.383333333333333,-2206.8000000000025,97793.2,-3.807699999999997
2025.12.31 13:00:11,1388907361,XAUUSD,sell,1.02,4 314.04,4 319.00,4 301.88,2025.12.31 13:21:33,4 318.95,-7.14,0.0,-500.82,2025-12-31 13:00:11,2025-12-31 13:21:33,-500.82,Unknown STRAT,21.366666666666667,-2707.6200000000026,97292.38,-4.308519999999989
2025.12.31 13:20:10,1388935818,XAUUSD,sell,0.75,4 315.33,4 322.00,4 298.51,2025.12.31 13:22:58,4 322.38,-5.26,0.0,-528.75,2025-12-31 13:20:10,2025-12-31 13:22:58,-528.75,Unknown STRAT,2.8,-3236.3700000000026,96763.63,-4.8372699999999895
2025.12.31 15:40:09,1389235017,XAUUSD,buy,0.48,4 332.61,4 322.00,4 358.79,2025.12.31 16:37:31,4 322.07,-3.36,0.0,-505.92,2025-12-31 15:40:09,2025-12-31 16:37:31,-505.92,Unknown STRAT,57.36666666666667,-3742.2900000000027,96257.70999999999,-5.3431900000000025
2025.12.31 15:40:10,1389235046,XAUUSD,buy,0.47,4 332.54,4 322.00,4 359.13,2025.12.31 16:37:31,4 322.07,-3.3,0.0,-492.09,2025-12-31 15:40:10,2025-12-31 16:37:31,-492.09,Unknown STRAT,57.35,-4234.380000000003,95765.62,-5.835279999999999
2025.12.31 16:40:09,1389343660,XAUUSD,sell,0.54,4 323.26,4 332.50,4 300.09,2025.12.31 19:40:09,4 311.64,-3.78,0.0,627.48,2025-12-31 16:40:09,2025-12-31 19:40:09,627.48,Unknown STRAT,180.0,-3606.900000000003,96393.09999999999,-5.207800000000002
2025.12.31 16:40:09,1389343658,XAUUSD,sell,0.54,4 323.24,4 332.50,4 300.09,2025.12.31 19:40:09,4 311.51,-3.78,0.0,633.42,2025-12-31 16:40:09,2025-12-31 19:40:09,633.42,Unknown STRAT,180.0,-2973.4800000000027,97026.52,-4.574379999999991
2025.12.31 17:40:09,1389416146,XAUUSD,buy,0.32,4 326.55,4 311.00,4 365.39,2025.12.31 19:36:24,4 311.03,-2.24,0.0,-496.64,2025-12-31 17:40:09,2025-12-31 19:36:24,-496.64,Unknown STRAT,116.25,-3470.1200000000026,96529.88,-5.071019999999989
2025.12.31 19:40:10,1389539632,XAUUSD,sell,0.92,4 311.40,4 317.00,4 297.89,2025.12.31 20:18:04,4 316.75,-6.44,0.0,-492.2,2025-12-31 19:40:10,2025-12-31 20:18:04,-492.2,Unknown STRAT,37.9,-3962.3200000000024,96037.68,-5.563220000000001
2026.01.02 05:20:09,1390215902,XAUUSD,buy,2.02,4 376.98,4 374.50,4 383.18,2026.01.02 06:09:23,4 374.35,-14.14,0.0,-531.26,2026-01-02 05:20:09,2026-01-02 06:09:23,-531.26,Unknown STRAT,49.233333333333334,-4493.580000000003,95506.42,-6.0944799999999955
2026.01.02 07:20:09,1390320091,XAUUSD,buy,0.37,4 375.36,4 362.00,4 408.76,2026.01.02 10:20:09,4 388.42,-2.6,0.0,483.22,2026-01-02 07:20:09,2026-01-02 10:20:09,483.22,Unknown STRAT,180.0,-4010.3600000000024,95989.64,-5.611259999999995
2026.01.02 07:20:10,1390320094,XAUUSD,buy,0.37,4 375.36,4 362.00,4 408.76,2026.01.02 10:20:10,4 388.54,-2.6,0.0,487.66,2026-01-02 07:20:10,2026-01-02 10:20:10,487.66,Unknown STRAT,180.0,-3522.7000000000025,96477.3,-5.123599999999992
2026.01.02 07:40:09,1390343037,XAUUSD,buy,0.29,4 379.39,4 362.00,4 422.87,2026.01.02 10:40:09,4 394.22,-2.04,0.0,430.07,2026-01-02 07:40:09,2026-01-02 10:40:09,430.07,Unknown STRAT,180.0,-3092.6300000000024,96907.37,-4.693529999999998
2026.01.02 10:20:10,1390549054,XAUUSD,buy,0.43,4 388.52,4 377.00,4 417.32,2026.01.02 13:20:09,4 397.78,-3.02,0.0,398.18,2026-01-02 10:20:10,2026-01-02 13:20:09,398.18,Unknown STRAT,179.98333333333332,-2694.4500000000025,97305.55,-4.295349999999991
2026.01.02 11:00:09,1390600167,XAUUSD,sell,0.68,4 396.92,4 404.50,4 378.67,2026.01.02 13:25:03,4 378.60,-4.76,0.0,1 245.76,2026-01-02 11:00:09,2026-01-02 13:25:03,1245.76,Unknown STRAT,144.9,-1448.6900000000026,98551.31,-3.0495899999999967
2026.01.02 11:20:10,1390617458,XAUUSD,sell,0.61,4 396.31,4 404.50,4 375.84,2026.01.02 13:29:33,4 373.60,-4.28,0.0,1 385.31,2026-01-02 11:20:10,2026-01-02 13:29:33,1385.31,Unknown STRAT,129.38333333333333,-63.38000000000261,99936.62,-1.6642799999999989
2026.01.02 13:20:10,1390770669,XAUUSD,sell,0.71,4 397.53,4 404.50,4 379.72,2026.01.02 13:25:02,4 379.18,-4.98,0.0,1 302.85,2026-01-02 13:20:10,2026-01-02 13:25:02,1302.85,Unknown STRAT,4.866666666666666,1239.4699999999973,101239.47,-0.36142999999999303
2026.01.02 13:40:09,1390832401,XAUUSD,sell,0.14,4 368.83,4 404.50,4 278.32,2026.01.02 16:40:09,4 321.76,-0.98,0.0,658.98,2026-01-02 13:40:09,2026-01-02 16:40:09,658.98,Unknown STRAT,180.0,1898.4499999999973,101898.45,-0.0
2026.01.02 13:40:09,1390832420,XAUUSD,sell,0.14,4 368.91,4 404.50,4 279.65,2026.01.02 16:40:10,4 321.66,-0.98,0.0,661.5,2026-01-02 13:40:09,2026-01-02 16:40:10,661.5,Unknown STRAT,180.01666666666668,2559.949999999997,102559.95,-0.0
2026.01.02 13:40:10,1390832434,XAUUSD,sell,0.14,4 368.92,4 404.50,4 279.93,2026.01.02 16:40:10,4 321.66,-0.98,0.0,661.64,2026-01-02 13:40:10,2026-01-02 16:40:10,661.64,Unknown STRAT,180.0,3221.589999999997,103221.59,-0.0
2026.01.02 18:00:09,1391413387,XAUUSD,sell,0.4,4 321.56,4 334.00,4 290.60,2026.01.02 21:00:10,4 331.62,-2.8,0.0,-402.4,2026-01-02 18:00:09,2026-01-02 21:00:10,-402.4,Unknown STRAT,180.01666666666668,2819.189999999997,102819.19,-0.40239999999999415
2026.01.02 18:00:09,1391413416,XAUUSD,sell,0.4,4 321.56,4 334.00,4 290.46,2026.01.02 21:00:10,4 331.58,-2.8,0.0,-400.8,2026-01-02 18:00:09,2026-01-02 21:00:10,-400.8,Unknown STRAT,180.01666666666668,2418.3899999999967,102418.39,-0.8031999999999971
2026.01.02 18:20:09,1391445541,XAUUSD,sell,0.36,4 318.64,4 332.50,4 283.64,2026.01.02 21:20:10,4 328.50,-2.52,0.0,-354.96,2026-01-02 18:20:09,2026-01-02 21:20:10,-354.96,Unknown STRAT,180.01666666666668,2063.4299999999967,102063.43,-1.1581600000000036
2026.01.02 21:20:10,1391632428,XAUUSD,sell,0.71,4 328.45,4 335.50,4 310.82,2026.01.02 21:55:06,4 335.74,-4.98,0.0,-517.59,2026-01-02 21:20:10,2026-01-02 21:55:06,-517.59,Unknown STRAT,34.93333333333333,1545.8399999999965,101545.84,-1.67575
2026.01.02 21:20:10,1391632425,XAUUSD,sell,0.71,4 328.45,4 335.50,4 310.82,2026.01.02 21:55:06,4 335.74,-4.98,0.0,-517.59,2026-01-02 21:20:10,2026-01-02 21:55:06,-517.59,Unknown STRAT,34.93333333333333,1028.2499999999964,101028.25,-2.1933399999999965
2026.01.02 21:20:11,1391632429,XAUUSD,sell,0.71,4 328.45,4 335.50,4 310.82,2026.01.02 21:55:06,4 335.74,-4.98,0.0,-517.59,2026-01-02 21:20:11,2026-01-02 21:55:06,-517.59,Unknown STRAT,34.916666666666664,510.65999999999633,100510.66,-2.710929999999993
2026.01.05 01:20:10,1392387867,XAUUSD,sell,0.54,4 395.68,4 404.50,4 372.26,2026.01.05 01:26:06,4 404.80,-3.78,0.0,-492.48,2026-01-05 01:20:10,2026-01-05 01:26:06,-492.48,Unknown STRAT,5.933333333333334,18.179999999996312,100018.18,-3.203410000000004
2026.01.05 01:20:10,1392387849,XAUUSD,sell,0.54,4 395.29,4 404.50,4 372.20,2026.01.05 01:26:06,4 404.80,-3.78,0.0,-513.54,2026-01-05 01:20:10,2026-01-05 01:26:06,-513.54,Unknown STRAT,5.933333333333334,-495.36000000000365,99504.64,-3.7169499999999975
2026.01.05 03:40:09,1392595811,XAUUSD,sell,0.52,4 408.46,4 418.00,4 384.61,2026.01.05 06:11:53,4 418.07,-3.64,0.0,-499.72,2026-01-05 03:40:09,2026-01-05 06:11:53,-499.72,Unknown STRAT,151.73333333333332,-995.0800000000037,99004.92,-4.216669999999998
2026.01.05 03:40:09,1392595821,XAUUSD,sell,0.52,4 408.56,4 418.00,4 384.61,2026.01.05 06:11:53,4 418.07,-3.64,0.0,-494.52,2026-01-05 03:40:09,2026-01-05 06:11:53,-494.52,Unknown STRAT,151.73333333333332,-1489.6000000000035,98510.4,-4.711190000000003
2026.01.05 04:00:09,1392616700,XAUUSD,sell,0.27,4 399.61,4 418.00,4 353.63,2026.01.05 06:11:53,4 418.07,-1.9,0.0,-498.42,2026-01-05 04:00:09,2026-01-05 06:11:53,-498.42,Unknown STRAT,131.73333333333332,-1988.0200000000036,98011.98,-5.2096100000000005
2026.01.05 06:40:23,1392796948,XAUUSD,buy,1.5,4 422.30,4 419.00,4 430.65,2026.01.05 06:51:51,4 418.76,-10.5,0.0,-531,2026-01-05 06:40:23,2026-01-05 06:51:51,-531.0,Unknown STRAT,11.466666666666667,-2519.0200000000036,97480.98,-5.740610000000001
2026.01.05 06:40:23,1392796949,XAUUSD,sell,3.79,4 422.22,4 423.50,4 418.88,2026.01.05 06:40:41,4 423.83,-26.54,0.0,-610.19,2026-01-05 06:40:23,2026-01-05 06:40:41,-610.19,Unknown STRAT,0.3,-3129.2100000000037,96870.79,-6.350800000000002
2026.01.05 06:40:24,1392796951,XAUUSD,sell,3.91,4 422.22,4 423.50,4 419.02,2026.01.05 06:40:41,4 423.83,-27.38,0.0,-629.51,2026-01-05 06:40:24,2026-01-05 06:40:41,-629.51,Unknown STRAT,0.2833333333333333,-3758.720000000004,96241.28,-6.980309999999998
2026.01.05 07:20:09,1392836898,XAUUSD,buy,0.5,4 422.38,4 412.50,4 447.22,2026.01.05 10:20:09,4 432.31,-3.5,0.0,496.5,2026-01-05 07:20:09,2026-01-05 10:20:09,496.5,Unknown STRAT,180.0,-3262.220000000004,96737.78,-6.483809999999998
2026.01.05 07:20:10,1392836913,XAUUSD,buy,0.51,4 422.48,4 412.50,4 447.08,2026.01.05 10:20:10,4 432.31,-3.58,0.0,501.33,2026-01-05 07:20:10,2026-01-05 10:20:10,501.33,Unknown STRAT,180.0,-2760.890000000004,97239.11,-5.982479999999995
2026.01.05 07:40:10,1392856846,XAUUSD,buy,0.47,4 422.99,4 412.50,4 449.88,2026.01.05 10:40:09,4 435.96,-3.3,0.0,609.59,2026-01-05 07:40:10,2026-01-05 10:40:09,609.59,Unknown STRAT,179.98333333333332,-2151.300000000004,97848.7,-5.37289
2026.01.05 11:40:09,1393205740,XAUUSD,sell,2.02,4 422.04,4 424.50,4 415.82,2026.01.05 11:43:33,4 424.47,-14.14,0.0,-490.86,2026-01-05 11:40:09,2026-01-05 11:43:33,-490.86,Unknown STRAT,3.4,-2642.160000000004,97357.84,-5.8637500000000005
2026.01.05 16:20:09,1393881797,XAUUSD,sell,0.37,4 447.02,4 460.50,4 412.76,2026.01.05 19:20:09,4 440.65,-2.6,0.0,235.69,2026-01-05 16:20:09,2026-01-05 19:20:09,235.69,Unknown STRAT,180.0,-2406.470000000004,97593.53,-5.628059999999998
2026.01.05 16:20:10,1393881812,XAUUSD,sell,0.37,4 446.92,4 460.50,4 413.32,2026.01.05 19:20:11,4 440.66,-2.6,0.0,231.62,2026-01-05 16:20:10,2026-01-05 19:20:11,231.62,Unknown STRAT,180.01666666666668,-2174.850000000004,97825.15,-5.396440000000002
2026.01.05 16:40:10,1393917541,XAUUSD,sell,0.48,4 444.98,4 455.50,4 418.79,2026.01.05 19:40:09,4 445.37,-3.36,0.0,-18.72,2026-01-05 16:40:10,2026-01-05 19:40:09,-18.72,Unknown STRAT,179.98333333333332,-2193.570000000004,97806.43,-5.415160000000004
2026.01.05 19:20:11,1394204386,XAUUSD,sell,0.29,4 440.61,4 458.00,4 397.31,2026.01.05 23:05:45,4 455.12,-2.04,13.89,-420.79,2026-01-05 19:20:11,2026-01-05 23:05:45,-420.79,Unknown STRAT,225.56666666666666,-2614.3600000000038,97385.64,-5.835949999999998
2026.01.05 19:20:11,1394204409,XAUUSD,sell,0.29,4 440.66,4 458.00,4 397.13,2026.01.05 23:05:45,4 455.11,-2.04,13.89,-419.05,2026-01-05 19:20:11,2026-01-05 23:05:45,-419.05,Unknown STRAT,225.56666666666666,-3033.410000000004,96966.59,-6.254999999999999
2026.01.05 19:40:09,1394229640,XAUUSD,buy,0.34,4 445.37,4 430.50,4 482.55,2026.01.05 23:05:46,4 455.04,-2.38,-19.18,328.78,2026-01-05 19:40:09,2026-01-05 23:05:46,328.78,Unknown STRAT,205.61666666666667,-2704.6300000000037,97295.37,-5.926220000000002
2026.01.05 23:20:09,1394432815,XAUUSD,sell,5.32,4 453.06,4 454.00,4 450.71,2026.01.05 23:25:06,4 450.67,-37.24,0.0,1 271.48,2026-01-05 23:20:09,2026-01-05 23:25:06,1271.48,Unknown STRAT,4.95,-1433.1500000000037,98566.84999999999,-4.654740000000005
2026.01.06 00:20:09,1394493533,XAUUSD,buy,0.47,4 441.65,4 430.50,4 468.02,2026.01.06 00:40:35,4 430.59,-3.3,0.0,-519.82,2026-01-06 00:20:09,2026-01-06 00:40:35,-519.82,Unknown STRAT,20.433333333333334,-1952.970000000004,98047.03,-5.174559999999998
2026.01.06 00:20:09,1394493531,XAUUSD,buy,0.47,4 441.22,4 430.50,4 468.02,2026.01.06 00:40:35,4 430.59,-3.3,0.0,-499.61,2026-01-06 00:20:09,2026-01-06 00:40:35,-499.61,Unknown STRAT,20.433333333333334,-2452.580000000004,97547.42,-5.674169999999998
2026.01.06 00:20:09,1394493525,XAUUSD,sell,1.77,4 441.17,4 444.00,4 434.10,2026.01.06 00:31:18,4 444.07,-12.4,0.0,-513.3,2026-01-06 00:20:09,2026-01-06 00:31:18,-513.3,Unknown STRAT,11.15,-2965.8800000000037,97034.12,-6.187470000000001
2026.01.06 01:00:09,1394534377,XAUUSD,buy,0.45,4 439.04,4 427.50,4 466.70,2026.01.06 03:18:13,4 466.65,-3.16,0.0,1 242.45,2026-01-06 01:00:09,2026-01-06 03:18:13,1242.45,Unknown STRAT,138.06666666666666,-1723.4300000000037,98276.56999999999,-4.945020000000004
2026.01.06 01:00:09,1394534416,XAUUSD,sell,1.62,4 438.82,4 442.00,4 431.22,2026.01.06 01:02:58,4 431.20,-11.34,0.0,1 234.44,2026-01-06 01:00:09,2026-01-06 01:02:58,1234.44,Unknown STRAT,2.816666666666667,-488.99000000000365,99511.01,-3.7105800000000015
2026.01.06 01:00:10,1394534448,XAUUSD,buy,0.44,4 438.96,4 427.50,4 467.54,2026.01.06 03:24:47,4 467.59,-3.08,0.0,1 259.72,2026-01-06 01:00:10,2026-01-06 03:24:47,1259.72,Unknown STRAT,144.61666666666667,770.7299999999964,100770.73,-2.4508600000000005
2026.01.06 01:20:09,1394568426,XAUUSD,sell,7.35,4 440.20,4 441.00,4 438.62,2026.01.06 01:20:10,4 440.96,-51.46,0.0,-558.6,2026-01-06 01:20:09,2026-01-06 01:20:10,-558.6,Unknown STRAT,0.016666666666666666,212.12999999999636,100212.12999999999,-3.0094600000000065
2026.01.06 02:40:09,1394668205,XAUUSD,sell,0.3,4 451.61,4 468.00,4 410.15,2026.01.06 03:24:48,4 468.06,-2.1,0.0,-493.5,2026-01-06 02:40:09,2026-01-06 03:24:48,-493.5,Unknown STRAT,44.65,-281.37000000000364,99718.62999999999,-3.5029600000000065
2026.01.06 03:20:09,1394723969,XAUUSD,buy,0.33,4 464.36,4 449.50,4 502.10,2026.01.06 06:20:09,4 456.66,-2.32,0.0,-254.1,2026-01-06 03:20:09,2026-01-06 06:20:09,-254.1,Unknown STRAT,180.0,-535.4700000000037,99464.53,-3.7570599999999974
2026.01.06 05:20:09,1394829580,XAUUSD,sell,3.82,4 469.17,4 470.50,4 465.91,2026.01.06 05:29:13,4 470.80,-26.74,0.0,-622.66,2026-01-06 05:20:09,2026-01-06 05:29:13,-622.66,Unknown STRAT,9.066666666666666,-1158.1300000000037,98841.87,-4.379720000000001
2026.01.06 05:20:09,1394829590,XAUUSD,sell,3.76,4 469.17,4 470.50,4 465.85,2026.01.06 05:29:13,4 470.80,-26.32,0.0,-612.88,2026-01-06 05:20:09,2026-01-06 05:29:13,-612.88,Unknown STRAT,9.066666666666666,-1771.0100000000039,98228.98999999999,-4.992600000000006
2026.01.06 06:20:10,1394917337,XAUUSD,buy,0.46,4 456.76,4 446.00,4 483.73,2026.01.06 09:20:11,4 453.50,-3.22,0.0,-149.96,2026-01-06 06:20:10,2026-01-06 09:20:11,-149.96,Unknown STRAT,180.01666666666668,-1920.970000000004,98079.03,-5.142559999999998
2026.01.06 06:20:10,1394917334,XAUUSD,buy,0.46,4 456.78,4 446.00,4 483.73,2026.01.06 09:20:10,4 453.90,-3.22,0.0,-132.48,2026-01-06 06:20:10,2026-01-06 09:20:10,-132.48,Unknown STRAT,180.0,-2053.450000000004,97946.55,-5.2750399999999935
2026.01.06 06:20:11,1394917343,XAUUSD,buy,0.46,4 456.78,4 446.00,4 483.66,2026.01.06 09:20:12,4 453.44,-3.22,0.0,-153.64,2026-01-06 06:20:11,2026-01-06 09:20:12,-153.64,Unknown STRAT,180.01666666666668,-2207.090000000004,97792.91,-5.428679999999993
2026.01.06 09:20:11,1395166452,XAUUSD,sell,0.41,4 453.86,4 466.00,4 423.65,2026.01.06 12:20:09,4 461.94,-2.88,0.0,-331.28,2026-01-06 09:20:11,2026-01-06 12:20:09,-331.28,Unknown STRAT,179.96666666666667,-2538.3700000000035,97461.62999999999,-5.759960000000007
2026.01.06 09:20:11,1395166552,XAUUSD,sell,0.4,4 453.45,4 466.00,4 422.25,2026.01.06 12:20:10,4 461.94,-2.8,0.0,-339.6,2026-01-06 09:20:11,2026-01-06 12:20:10,-339.6,Unknown STRAT,179.98333333333332,-2877.9700000000034,97122.03,-6.099559999999998
2026.01.06 09:40:09,1395189571,XAUUSD,buy,0.62,4 456.03,4 448.00,4 476.28,2026.01.06 09:47:46,4 447.84,-4.34,0.0,-507.78,2026-01-06 09:40:09,2026-01-06 09:47:46,-507.78,Unknown STRAT,7.616666666666666,-3385.7500000000036,96614.25,-6.607339999999996
2026.01.06 10:00:09,1395224035,XAUUSD,sell,0.26,4 445.62,4 465.00,4 397.17,2026.01.06 12:22:24,4 465.00,-1.82,0.0,-503.88,2026-01-06 10:00:09,2026-01-06 12:22:24,-503.88,Unknown STRAT,142.25,-3889.6300000000037,96110.37,-7.111220000000001
2026.01.06 12:40:09,1395417964,XAUUSD,sell,0.48,4 460.69,4 471.00,4 434.91,2026.01.06 14:02:25,4 471.03,-3.36,0.0,-496.32,2026-01-06 12:40:09,2026-01-06 14:02:25,-496.32,Unknown STRAT,82.26666666666667,-4385.9500000000035,95614.05,-7.607539999999993
2026.01.06 12:40:10,1395417973,XAUUSD,sell,0.48,4 460.69,4 471.00,4 434.91,2026.01.06 14:02:25,4 471.03,-3.36,0.0,-496.32,2026-01-06 12:40:10,2026-01-06 14:02:25,-496.32,Unknown STRAT,82.25,-4882.270000000003,95117.73,-8.103860000000001
2026.01.06 13:00:09,1395447867,XAUUSD,sell,0.81,4 464.89,4 471.00,4 449.51,2026.01.06 14:02:25,4 471.03,-5.68,0.0,-497.34,2026-01-06 13:00:09,2026-01-06 14:02:25,-497.34,Unknown STRAT,62.266666666666666,-5379.610000000003,94620.39,-8.601199999999999
2026.01.06 15:40:09,1395875598,XAUUSD,buy,1.07,4 471.73,4 467.00,4 483.41,2026.01.06 16:25:54,4 483.44,-7.5,0.0,1 252.97,2026-01-06 15:40:09,2026-01-06 16:25:54,1252.97,Unknown STRAT,45.75,-4126.640000000003,95873.36,-7.348229999999996
2026.01.06 17:40:09,1396114107,XAUUSD,sell,0.78,4 486.60,4 493.00,4 470.60,2026.01.06 18:17:33,4 493.05,-5.46,0.0,-503.1,2026-01-06 17:40:09,2026-01-06 18:17:33,-503.1,Unknown STRAT,37.4,-4629.740000000003,95370.26,-7.851330000000003
2026.01.06 17:40:10,1396114121,XAUUSD,sell,0.78,4 486.60,4 493.00,4 470.60,2026.01.06 18:17:33,4 493.05,-5.46,0.0,-503.1,2026-01-06 17:40:10,2026-01-06 18:17:33,-503.1,Unknown STRAT,37.38333333333333,-5132.840000000004,94867.16,-8.354429999999994
2026.01.06 18:00:09,1396154237,XAUUSD,sell,1.4,4 489.48,4 493.00,4 480.54,2026.01.06 18:17:33,4 493.05,-9.8,0.0,-499.8,2026-01-06 18:00:09,2026-01-06 18:17:33,-499.8,Unknown STRAT,17.4,-5632.640000000004,94367.36,-8.854229999999996
2026.01.06 19:00:09,1396245982,XAUUSD,buy,0.32,4 488.72,4 473.00,4 528.02,2026.01.06 23:05:49,4 499.00,-2.24,-18.59,328.96,2026-01-06 19:00:09,2026-01-06 23:05:49,328.96,Unknown STRAT,245.66666666666666,-5303.680000000004,94696.31999999999,-8.525270000000004
2026.01.06 19:00:09,1396246000,XAUUSD,buy,0.32,4 488.72,4 473.00,4 528.02,2026.01.06 23:05:49,4 498.98,-2.24,-18.59,328.32,2026-01-06 19:00:09,2026-01-06 23:05:49,328.32,Unknown STRAT,245.66666666666666,-4975.360000000004,95024.64,-8.196949999999998
2026.01.06 19:00:10,1396246009,XAUUSD,buy,0.32,4 488.72,4 473.00,4 528.02,2026.01.06 23:05:50,4 498.98,-2.24,-18.59,328.32,2026-01-06 19:00:10,2026-01-06 23:05:50,328.32,Unknown STRAT,245.66666666666666,-4647.0400000000045,95352.95999999999,-7.868630000000004
2026.01.06 23:20:10,1396459962,XAUUSD,buy,2.33,4 499.13,4 497.00,4 504.52,2026.01.06 23:39:11,4 496.99,-16.32,0.0,-498.62,2026-01-06 23:20:10,2026-01-06 23:39:11,-498.62,Unknown STRAT,19.016666666666666,-5145.660000000004,94854.34,-8.36725
2026.01.06 23:20:10,1396459980,XAUUSD,buy,2.34,4 499.14,4 497.00,4 504.49,2026.01.06 23:39:11,4 496.99,-16.38,0.0,-503.1,2026-01-06 23:20:10,2026-01-06 23:39:11,-503.1,Unknown STRAT,19.016666666666666,-5648.760000000005,94351.23999999999,-8.870350000000006
2026.01.06 23:40:09,1396475232,XAUUSD,sell,0.41,4 495.72,4 508.00,4 464.99,2026.01.07 01:56:36,4 464.03,-2.88,0.0,1 299.29,2026-01-06 23:40:09,2026-01-07 01:56:36,1299.29,Unknown STRAT,136.45,-4349.470000000005,95650.53,-7.5710599999999975
2026.01.06 23:40:10,1396475237,XAUUSD,sell,0.41,4 495.80,4 508.00,4 464.95,2026.01.07 01:56:36,4 464.03,-2.88,0.0,1 302.57,2026-01-06 23:40:10,2026-01-07 01:56:36,1302.57,Unknown STRAT,136.43333333333334,-3046.900000000005,96953.09999999999,-6.268490000000006
2026.01.07 00:00:10,1396496028,XAUUSD,sell,0.36,4 494.14,4 508.00,4 459.18,2026.01.07 03:00:09,4 475.90,-2.52,0.0,656.64,2026-01-07 00:00:10,2026-01-07 03:00:09,656.64,Unknown STRAT,179.98333333333332,-2390.260000000005,97609.73999999999,-5.611850000000006
2026.01.07 02:00:09,1396671678,XAUUSD,buy,0.71,4 466.18,4 459.00,4 483.50,2026.01.07 05:00:10,4 464.21,-4.98,0.0,-139.87,2026-01-07 02:00:09,2026-01-07 05:00:10,-139.87,Unknown STRAT,180.01666666666668,-2530.130000000005,97469.87,-5.7517200000000015
2026.01.07 02:00:10,1396671709,XAUUSD,sell,0.59,4 466.06,4 474.50,4 444.96,2026.01.07 02:11:43,4 474.62,-4.14,0.0,-505.04,2026-01-07 02:00:10,2026-01-07 02:11:43,-505.04,Unknown STRAT,11.55,-3035.170000000005,96964.83,-6.2567599999999945
2026.01.07 02:20:09,1396698289,XAUUSD,buy,0.28,4 471.44,4 453.50,4 516.29,2026.01.07 05:20:09,4 467.51,-1.96,0.0,-110.04,2026-01-07 02:20:09,2026-01-07 05:20:09,-110.04,Unknown STRAT,180.0,-3145.210000000005,96854.79,-6.366800000000003
2026.01.07 03:00:10,1396734169,XAUUSD,sell,1.19,4 475.79,4 480.00,4 465.26,2026.01.07 03:19:35,4 480.03,-8.34,0.0,-504.56,2026-01-07 03:00:10,2026-01-07 03:19:35,-504.56,Unknown STRAT,19.416666666666668,-3649.770000000005,96350.23,-6.87136
2026.01.07 04:20:09,1396799898,XAUUSD,sell,0.3,4 468.49,4 485.00,4 427.15,2026.01.07 07:20:09,4 451.46,-2.1,0.0,510.9,2026-01-07 04:20:09,2026-01-07 07:20:09,510.9,Unknown STRAT,180.0,-3138.870000000005,96861.12999999999,-6.360460000000007
2026.01.07 05:00:10,1396832846,XAUUSD,buy,1.04,4 464.32,4 459.50,4 476.37,2026.01.07 05:33:00,4 459.46,-7.28,0.0,-505.44,2026-01-07 05:00:10,2026-01-07 05:33:00,-505.44,Unknown STRAT,32.833333333333336,-3644.310000000005,96355.69,-6.865899999999995
2026.01.07 05:20:09,1396850530,XAUUSD,buy,0.62,4 467.52,4 459.50,4 487.71,2026.01.07 05:33:00,4 459.46,-4.34,0.0,-499.72,2026-01-07 05:20:09,2026-01-07 05:33:00,-499.72,Unknown STRAT,12.85,-4144.030000000005,95855.97,-7.3656199999999945
2026.01.07 06:00:09,1396908534,XAUUSD,buy,1.01,4 454.47,4 449.50,4 466.90,2026.01.07 06:33:52,4 449.48,-7.08,0.0,-503.99,2026-01-07 06:00:09,2026-01-07 06:33:52,-503.99,Unknown STRAT,33.71666666666667,-4648.020000000005,95351.98,-7.869610000000001
2026.01.07 07:00:10,1396984477,XAUUSD,buy,1.14,4 443.50,4 439.00,4 454.33,2026.01.07 07:26:51,4 454.34,-7.98,0.0,1 235.76,2026-01-07 07:00:10,2026-01-07 07:26:51,1235.76,Unknown STRAT,26.683333333333334,-3412.2600000000048,96587.73999999999,-6.633850000000006
2026.01.07 07:20:10,1397005054,XAUUSD,buy,0.4,4 451.46,4 439.00,4 482.61,2026.01.07 10:20:09,4 465.26,-2.8,0.0,552,2026-01-07 07:20:10,2026-01-07 10:20:09,552.0,Unknown STRAT,179.98333333333332,-2860.2600000000048,97139.73999999999,-6.081850000000006
2026.01.07 07:20:11,1397005060,XAUUSD,buy,0.4,4 451.46,4 439.00,4 482.61,2026.01.07 10:20:10,4 465.26,-2.8,0.0,552,2026-01-07 07:20:11,2026-01-07 10:20:10,552.0,Unknown STRAT,179.98333333333332,-2308.2600000000048,97691.73999999999,-5.529850000000006
2026.01.07 07:40:09,1397028314,XAUUSD,buy,0.25,4 459.03,4 439.00,4 509.52,2026.01.07 10:40:10,4 464.89,-1.76,0.0,146.5,2026-01-07 07:40:09,2026-01-07 10:40:10,146.5,Unknown STRAT,180.01666666666668,-2161.7600000000048,97838.23999999999,-5.383350000000005
2026.01.07 10:40:10,1397253556,XAUUSD,sell,0.41,4 464.88,4 477.00,4 434.62,2026.01.07 13:08:49,4 434.54,-2.88,0.0,1 243.94,2026-01-07 10:40:10,2026-01-07 13:08:49,1243.94,Unknown STRAT,148.65,-917.8200000000047,99082.18,-4.139410000000003
2026.01.07 10:40:10,1397253562,XAUUSD,sell,0.41,4 464.88,4 477.00,4 434.58,2026.01.07 13:08:49,4 434.54,-2.88,0.0,1 243.94,2026-01-07 10:40:10,2026-01-07 13:08:49,1243.94,Unknown STRAT,148.65,326.11999999999534,100326.12,-2.895470000000001
2026.01.07 11:00:09,1397276122,XAUUSD,sell,0.4,4 464.41,4 477.00,4 432.93,2026.01.07 13:09:01,4 433.21,-2.8,0.0,1 248.00,2026-01-07 11:00:09,2026-01-07 13:09:01,1248.0,Unknown STRAT,128.86666666666667,1574.1199999999953,101574.12,-1.6474700000000013
2026.01.07 13:40:10,1397545573,XAUUSD,buy,0.28,4 442.39,4 424.50,4 487.12,2026.01.07 15:16:38,4 424.29,-1.96,0.0,-506.8,2026-01-07 13:40:10,2026-01-07 15:16:38,-506.8,Unknown STRAT,96.46666666666667,1067.3199999999954,101067.31999999999,-2.154270000000004
2026.01.07 13:40:10,1397545587,XAUUSD,buy,0.28,4 442.23,4 424.50,4 487.05,2026.01.07 15:16:38,4 424.29,-1.96,0.0,-502.32,2026-01-07 13:40:10,2026-01-07 15:16:38,-502.32,Unknown STRAT,96.46666666666667,564.9999999999955,100565.0,-2.6565899999999965
2026.01.07 13:40:11,1397545624,XAUUSD,buy,0.28,4 442.18,4 424.50,4 486.55,2026.01.07 15:16:38,4 424.29,-1.96,0.0,-500.92,2026-01-07 13:40:11,2026-01-07 15:16:38,-500.92,Unknown STRAT,96.45,64.07999999999544,100064.08,-3.1575099999999945
2026.01.07 15:20:09,1397828000,XAUUSD,sell,0.16,4 425.58,4 456.00,4 347.01,2026.01.07 16:22:03,4 455.97,-1.12,0.0,-486.24,2026-01-07 15:20:09,2026-01-07 16:22:03,-486.24,Unknown STRAT,61.9,-422.1600000000046,99577.84,-3.64375
2026.01.07 15:20:10,1397828036,XAUUSD,sell,0.16,4 425.37,4 456.00,4 349.53,2026.01.07 16:22:03,4 455.97,-1.12,0.0,-489.6,2026-01-07 15:20:10,2026-01-07 16:22:03,-489.6,Unknown STRAT,61.88333333333333,-911.7600000000045,99088.23999999999,-4.133350000000005
2026.01.07 15:20:10,1397828062,XAUUSD,sell,0.16,4 425.37,4 456.00,4 348.80,2026.01.07 16:22:03,4 455.97,-1.12,0.0,-489.6,2026-01-07 15:20:10,2026-01-07 16:22:03,-489.6,Unknown STRAT,61.88333333333333,-1401.3600000000047,98598.64,-4.622949999999997
2026.01.07 17:20:09,1398095381,XAUUSD,buy,0.65,4 461.75,4 454.00,4 481.05,2026.01.07 17:51:55,4 453.02,-4.56,0.0,-567.45,2026-01-07 17:20:09,2026-01-07 17:51:55,-567.45,Unknown STRAT,31.766666666666666,-1968.8100000000047,98031.19,-5.190399999999994
2026.01.07 17:40:09,1398120406,XAUUSD,buy,2.23,4 459.25,4 457.00,4 464.84,2026.01.07 17:41:05,4 456.99,-15.62,0.0,-503.98,2026-01-07 17:40:09,2026-01-07 17:41:05,-503.98,Unknown STRAT,0.9333333333333333,-2472.7900000000045,97527.20999999999,-5.694380000000004
2026.01.07 18:40:09,1398215022,XAUUSD,buy,0.25,4 458.36,4 438.00,4 509.26,2026.01.07 21:40:09,4 454.00,-1.76,0.0,-109,2026-01-07 18:40:09,2026-01-07 21:40:09,-109.0,Unknown STRAT,180.0,-2581.7900000000045,97418.20999999999,-5.803380000000004
2026.01.07 18:40:10,1398215032,XAUUSD,buy,0.25,4 458.36,4 438.00,4 509.26,2026.01.07 21:40:10,4 454.00,-1.76,0.0,-109,2026-01-07 18:40:10,2026-01-07 21:40:10,-109.0,Unknown STRAT,180.0,-2690.7900000000045,97309.20999999999,-5.912380000000004
2026.01.07 18:40:10,1398215041,XAUUSD,buy,0.25,4 458.41,4 438.00,4 509.30,2026.01.07 21:40:10,4 454.00,-1.76,0.0,-110.25,2026-01-07 18:40:10,2026-01-07 21:40:10,-110.25,Unknown STRAT,180.0,-2801.0400000000045,97198.95999999999,-6.022630000000005
2026.01.07 23:40:09,1398469617,XAUUSD,sell,1.2,4 461.34,4 465.50,4 450.90,2026.01.08 00:01:21,4 465.56,-8.4,0.0,-506.4,2026-01-07 23:40:09,2026-01-08 00:01:21,-506.4,Unknown STRAT,21.2,-3307.4400000000046,96692.56,-6.529029999999998
2026.01.08 00:40:10,1398522811,XAUUSD,sell,0.67,4 454.35,4 462.00,4 435.75,2026.01.08 02:33:59,4 435.82,-4.7,0.0,1 241.51,2026-01-08 00:40:10,2026-01-08 02:33:59,1241.51,Unknown STRAT,113.81666666666666,-2065.930000000005,97934.06999999999,-5.287520000000004
2026.01.08 00:40:10,1398522822,XAUUSD,sell,0.65,4 454.35,4 462.00,4 435.23,2026.01.08 02:37:01,4 435.17,-4.56,0.0,1 246.70,2026-01-08 00:40:10,2026-01-08 02:37:01,1246.7,Unknown STRAT,116.85,-819.2300000000048,99180.76999999999,-4.040820000000007
2026.01.08 01:00:09,1398545160,XAUUSD,sell,0.29,4 448.35,4 465.50,4 405.48,2026.01.08 04:00:09,4 439.11,-2.04,0.0,267.96,2026-01-08 01:00:09,2026-01-08 04:00:09,267.96,Unknown STRAT,180.0,-551.2700000000048,99448.73,-3.772860000000001
2026.01.08 02:40:09,1398674493,XAUUSD,buy,1.02,4 439.37,4 434.50,4 451.58,2026.01.08 04:38:56,4 434.69,-7.14,0.0,-477.36,2026-01-08 02:40:09,2026-01-08 04:38:56,-477.36,Unknown STRAT,118.78333333333333,-1028.6300000000047,98971.37,-4.250220000000001
2026.01.08 03:40:10,1398745339,XAUUSD,buy,0.54,4 441.31,4 432.00,4 464.59,2026.01.08 04:45:02,4 431.96,-3.78,0.0,-504.9,2026-01-08 03:40:10,2026-01-08 04:45:02,-504.9,Unknown STRAT,64.86666666666666,-1533.5300000000047,98466.47,-4.755119999999995
2026.01.08 04:00:09,1398761458,XAUUSD,sell,0.35,4 439.05,4 453.50,4 402.93,2026.01.08 07:00:10,4 433.78,-2.46,0.0,184.45,2026-01-08 04:00:09,2026-01-08 07:00:10,184.45,Unknown STRAT,180.01666666666668,-1349.0800000000047,98650.92,-4.570669999999998
2026.01.08 05:00:10,1398812671,XAUUSD,sell,1.34,4 431.27,4 435.00,4 421.95,2026.01.08 05:30:01,4 421.94,-9.38,0.0,1 250.22,2026-01-08 05:00:10,2026-01-08 05:30:01,1250.22,Unknown STRAT,29.85,-98.86000000000467,99901.14,-3.320449999999997
2026.01.08 05:00:10,1398812690,XAUUSD,sell,1.34,4 431.27,4 435.00,4 421.95,2026.01.08 05:30:01,4 421.94,-9.38,0.0,1 250.22,2026-01-08 05:00:10,2026-01-08 05:30:01,1250.22,Unknown STRAT,29.85,1151.3599999999954,101151.36,-2.070229999999996
2026.01.08 07:00:09,1399021549,XAUUSD,sell,0.68,4 433.68,4 441.00,4 415.38,2026.01.08 10:00:10,4 432.63,-4.76,0.0,71.4,2026-01-08 07:00:09,2026-01-08 10:00:10,71.4,Unknown STRAT,180.01666666666668,1222.7599999999954,101222.76,-1.9988300000000019
2026.01.08 07:00:10,1399021580,XAUUSD,sell,0.68,4 433.68,4 441.00,4 415.41,2026.01.08 10:00:11,4 432.65,-4.76,0.0,70.04,2026-01-08 07:00:10,2026-01-08 10:00:11,70.04,Unknown STRAT,180.01666666666668,1292.7999999999954,101292.79999999999,-1.928790000000008
2026.01.08 07:20:09,1399049794,XAUUSD,sell,0.84,4 435.10,4 441.00,4 420.21,2026.01.08 08:43:26,4 420.21,-5.88,0.0,1 250.76,2026-01-08 07:20:09,2026-01-08 08:43:26,1250.76,Unknown STRAT,83.28333333333333,2543.5599999999954,102543.56,-0.6780299999999988
2026.01.08 09:20:09,1399238487,XAUUSD,sell,0.44,4 427.60,4 439.00,4 399.03,2026.01.08 12:20:10,4 414.22,-3.08,0.0,588.72,2026-01-08 09:20:09,2026-01-08 12:20:10,588.72,Unknown STRAT,180.01666666666668,3132.279999999995,103132.28,-0.08930999999999768
2026.01.08 10:00:10,1399288981,XAUUSD,sell,0.78,4 432.60,4 439.00,4 416.53,2026.01.08 12:04:51,4 415.82,-5.46,0.0,1 308.84,2026-01-08 10:00:10,2026-01-08 12:04:51,1308.84,Unknown STRAT,124.68333333333334,4441.119999999995,104441.12,-0.0
2026.01.08 10:20:09,1399315394,XAUUSD,sell,0.33,4 423.66,4 439.00,4 385.35,2026.01.08 13:20:10,4 427.85,-2.32,0.0,-138.27,2026-01-08 10:20:09,2026-01-08 13:20:10,-138.27,Unknown STRAT,180.01666666666668,4302.849999999995,104302.84999999999,-0.13827000000000408
2026.01.08 12:40:09,1399524030,XAUUSD,buy,0.22,4 427.80,4 405.00,4 484.49,2026.01.08 15:40:09,4 451.22,-1.54,0.0,515.24,2026-01-08 12:40:09,2026-01-08 15:40:09,515.24,Unknown STRAT,180.0,4818.089999999995,104818.09,-0.0
2026.01.08 12:40:09,1399524049,XAUUSD,buy,0.22,4 428.05,4 405.00,4 484.70,2026.01.08 15:40:09,4 451.22,-1.54,0.0,509.74,2026-01-08 12:40:09,2026-01-08 15:40:09,509.74,Unknown STRAT,180.0,5327.8299999999945,105327.82999999999,-0.0
2026.01.08 13:20:10,1399595469,XAUUSD,sell,0.62,4 427.70,4 435.50,4 407.40,2026.01.08 13:25:27,4 436.09,-4.34,0.0,-520.18,2026-01-08 13:20:10,2026-01-08 13:25:27,-520.18,Unknown STRAT,5.283333333333333,4807.649999999994,104807.65,-0.520179999999993
2026.01.08 13:40:09,1399642319,XAUUSD,sell,0.65,4 427.60,4 435.50,4 408.51,2026.01.08 13:44:04,4 435.62,-4.56,0.0,-521.3,2026-01-08 13:40:09,2026-01-08 13:44:04,-521.3,Unknown STRAT,3.9166666666666665,4286.349999999994,104286.34999999999,-1.0414799999999957
2026.01.08 14:00:09,1399690638,XAUUSD,sell,0.32,4 422.42,4 438.00,4 383.47,2026.01.08 14:50:11,4 438.06,-2.24,0.0,-500.48,2026-01-08 14:00:09,2026-01-08 14:50:11,-500.48,Unknown STRAT,50.03333333333333,3785.869999999994,103785.87,-1.5419599999999918
2026.01.08 15:20:09,1399952202,XAUUSD,buy,0.24,4 449.88,4 429.50,4 501.60,2026.01.08 18:20:09,4 453.26,-1.68,0.0,81.12,2026-01-08 15:20:09,2026-01-08 18:20:09,81.12,Unknown STRAT,180.0,3866.989999999994,103866.98999999999,-1.4608399999999966
2026.01.08 16:00:09,1400043351,XAUUSD,sell,0.84,4 453.69,4 459.50,4 438.60,2026.01.08 16:33:04,4 459.60,-5.88,0.0,-496.44,2026-01-08 16:00:09,2026-01-08 16:33:04,-496.44,Unknown STRAT,32.916666666666664,3370.549999999994,103370.54999999999,-1.9572799999999988
2026.01.08 16:00:09,1400043382,XAUUSD,sell,0.86,4 453.94,4 459.50,4 439.16,2026.01.08 16:33:04,4 459.60,-6.02,0.0,-486.76,2026-01-08 16:00:09,2026-01-08 16:33:04,-486.76,Unknown STRAT,32.916666666666664,2883.7899999999936,102883.79,-2.4440399999999936
2026.01.08 17:00:09,1400153314,XAUUSD,sell,1.85,4 464.31,4 467.00,4 457.51,2026.01.08 18:04:04,4 457.52,-12.96,0.0,1 256.15,2026-01-08 17:00:09,2026-01-08 18:04:04,1256.15,Unknown STRAT,63.916666666666664,4139.939999999993,104139.93999999999,-1.1878899999999994
2026.01.08 17:20:09,1400183281,XAUUSD,sell,0.55,4 459.35,4 468.50,4 436.51,2026.01.08 20:20:14,4 459.01,-3.86,0.0,18.7,2026-01-08 17:20:09,2026-01-08 20:20:14,18.7,Unknown STRAT,180.08333333333334,4158.639999999993,104158.64,-1.1691899999999877
2026.01.08 18:20:09,1400270707,XAUUSD,sell,0.41,4 453.17,4 465.50,4 422.66,2026.01.08 20:25:11,4 465.73,-2.88,0.0,-514.96,2026-01-08 18:20:09,2026-01-08 20:25:11,-514.96,Unknown STRAT,125.03333333333333,3643.679999999993,103643.68,-1.6841499999999943
2026.01.08 18:20:10,1400270730,XAUUSD,sell,0.41,4 453.07,4 465.50,4 422.35,2026.01.08 20:25:11,4 465.73,-2.88,0.0,-519.06,2026-01-08 18:20:10,2026-01-08 20:25:11,-519.06,Unknown STRAT,125.01666666666667,3124.619999999993,103124.62,-2.203209999999992
2026.01.08 21:00:09,1400510851,XAUUSD,sell,0.81,4 478.27,4 484.50,4 462.94,2026.01.09 00:00:09,4 475.39,-5.68,40.39,233.28,2026-01-08 21:00:09,2026-01-09 00:00:09,233.28,Unknown STRAT,180.0,3357.8999999999933,103357.9,-1.969929999999993
2026.01.08 21:20:09,1400528400,XAUUSD,sell,0.49,4 474.41,4 484.50,4 449.05,2026.01.09 00:20:09,4 470.95,-3.44,24.43,169.54,2026-01-08 21:20:09,2026-01-09 00:20:09,169.54,Unknown STRAT,180.0,3527.4399999999932,103527.43999999999,-1.8003899999999993
2026.01.08 21:20:09,1400528408,XAUUSD,sell,0.5,4 474.41,4 484.50,4 449.18,2026.01.09 00:20:10,4 470.90,-3.5,24.93,175.5,2026-01-08 21:20:09,2026-01-09 00:20:10,175.5,Unknown STRAT,180.01666666666668,3702.9399999999932,103702.93999999999,-1.6248899999999993
2026.01.09 00:00:09,1400628964,XAUUSD,buy,0.44,4 475.39,4 464.00,4 503.87,2026.01.09 00:28:29,4 463.80,-3.08,0.0,-509.96,2026-01-09 00:00:09,2026-01-09 00:28:29,-509.96,Unknown STRAT,28.333333333333332,3192.979999999993,103192.98,-2.1348499999999913
2026.01.09 00:20:10,1400650873,XAUUSD,sell,0.45,4 470.81,4 482.00,4 443.01,2026.01.09 03:20:09,4 464.76,-3.16,0.0,272.25,2026-01-09 00:20:10,2026-01-09 03:20:09,272.25,Unknown STRAT,179.98333333333332,3465.229999999993,103465.23,-1.8625999999999914
2026.01.09 00:40:10,1400679096,XAUUSD,sell,0.35,4 467.78,4 482.00,4 432.23,2026.01.09 03:40:19,4 465.59,-2.46,0.0,76.65,2026-01-09 00:40:10,2026-01-09 03:40:19,76.65,Unknown STRAT,180.15,3541.8799999999933,103541.87999999999,-1.7859499999999973
2026.01.09 00:40:10,1400679090,XAUUSD,sell,0.35,4 467.78,4 482.00,4 432.16,2026.01.09 03:40:18,4 465.59,-2.46,0.0,76.65,2026-01-09 00:40:10,2026-01-09 03:40:18,76.65,Unknown STRAT,180.13333333333333,3618.5299999999934,103618.53,-1.7092999999999883
2026.01.09 03:40:19,1400897091,XAUUSD,sell,0.44,4 465.54,4 477.00,4 436.89,2026.01.09 06:40:09,4 474.26,-3.08,0.0,-383.68,2026-01-09 03:40:19,2026-01-09 06:40:09,-383.68,Unknown STRAT,179.83333333333334,3234.8499999999935,103234.84999999999,-2.092979999999996
2026.01.09 03:40:20,1400897099,XAUUSD,sell,0.44,4 465.54,4 477.00,4 436.89,2026.01.09 06:40:09,4 474.32,-3.08,0.0,-386.32,2026-01-09 03:40:20,2026-01-09 06:40:09,-386.32,Unknown STRAT,179.81666666666666,2848.5299999999934,102848.53,-2.4792999999999883
2026.01.09 04:00:09,1400910347,XAUUSD,sell,0.39,4 464.38,4 477.00,4 432.34,2026.01.09 06:48:12,4 477.42,-2.74,0.0,-508.56,2026-01-09 04:00:09,2026-01-09 06:48:12,-508.56,Unknown STRAT,168.05,2339.9699999999934,102339.96999999999,-2.9878600000000004
2026.01.09 07:00:09,1401094047,XAUUSD,sell,1.62,4 473.89,4 477.00,4 466.22,2026.01.09 08:13:35,4 477.04,-11.34,0.0,-510.3,2026-01-09 07:00:09,2026-01-09 08:13:35,-510.3,Unknown STRAT,73.43333333333334,1829.6699999999935,101829.67,-3.498159999999989
2026.01.09 07:20:09,1401119722,XAUUSD,sell,0.54,4 472.69,4 482.00,4 449.80,2026.01.09 10:20:09,4 473.16,-3.78,0.0,-25.38,2026-01-09 07:20:09,2026-01-09 10:20:09,-25.38,Unknown STRAT,180.0,1804.2899999999934,101804.29,-3.523539999999994
2026.01.09 07:20:10,1401119788,XAUUSD,sell,0.53,4 472.63,4 482.00,4 449.20,2026.01.09 10:20:09,4 473.16,-3.72,0.0,-28.09,2026-01-09 07:20:10,2026-01-09 10:20:09,-28.09,Unknown STRAT,179.98333333333332,1776.1999999999935,101776.2,-3.5516299999999905
2026.01.09 08:20:10,1401207711,XAUUSD,sell,0.65,4 474.28,4 482.00,4 455.01,2026.01.09 11:20:19,4 472.10,-4.56,0.0,141.7,2026-01-09 08:20:10,2026-01-09 11:20:19,141.7,Unknown STRAT,180.15,1917.8999999999935,101917.9,-3.409929999999993
2026.01.09 10:20:10,1401358527,XAUUSD,buy,4.31,4 473.13,4 472.00,4 476.06,2026.01.09 10:24:09,4 471.96,-30.18,0.0,-504.27,2026-01-09 10:20:10,2026-01-09 10:24:09,-504.27,Unknown STRAT,3.9833333333333334,1413.6299999999935,101413.62999999999,-3.914199999999997
2026.01.09 10:40:12,1401381124,XAUUSD,sell,0.44,4 470.52,4 482.00,4 441.82,2026.01.09 13:32:28,4 482.08,-3.08,0.0,-508.64,2026-01-09 10:40:12,2026-01-09 13:32:28,-508.64,Unknown STRAT,172.26666666666668,904.9899999999935,100904.98999999999,-4.422839999999996
2026.01.09 10:40:12,1401381122,XAUUSD,sell,0.44,4 470.52,4 482.00,4 441.79,2026.01.09 13:32:28,4 482.08,-3.08,0.0,-508.64,2026-01-09 10:40:12,2026-01-09 13:32:28,-508.64,Unknown STRAT,172.26666666666668,396.34999999999354,100396.34999999999,-4.931479999999996
2026.01.09 12:00:09,1401466449,XAUUSD,sell,0.95,4 476.70,4 482.00,4 463.49,2026.01.09 12:33:08,4 462.25,-6.66,0.0,1 372.75,2026-01-09 12:00:09,2026-01-09 12:33:08,1372.75,Unknown STRAT,32.983333333333334,1769.0999999999935,101769.09999999999,-3.558729999999996
2026.01.09 13:00:10,1401567023,XAUUSD,buy,0.37,4 466.93,4 453.50,4 501.10,2026.01.09 15:21:24,4 501.23,-2.6,0.0,1 269.10,2026-01-09 13:00:10,2026-01-09 15:21:24,1269.1,Unknown STRAT,141.23333333333332,3038.1999999999935,103038.2,-2.28962999999999
2026.01.09 14:00:09,1401764388,XAUUSD,sell,0.39,4 484.96,4 497.00,4 452.34,2026.01.09 14:36:32,4 497.00,-2.74,0.0,-469.56,2026-01-09 14:00:09,2026-01-09 14:36:32,-469.56,Unknown STRAT,36.38333333333333,2568.6399999999935,102568.64,-2.759189999999988
2026.01.09 14:00:10,1401764491,XAUUSD,sell,0.42,4 484.80,4 497.00,4 454.86,2026.01.09 14:36:32,4 497.00,-2.94,0.0,-512.4,2026-01-09 14:00:10,2026-01-09 14:36:32,-512.4,Unknown STRAT,36.36666666666667,2056.2399999999934,102056.23999999999,-3.2715899999999962
2026.01.09 14:40:10,1401887210,XAUUSD,buy,0.24,4 495.79,4 475.00,4 548.22,2026.01.09 17:40:10,4 505.22,-1.68,0.0,226.32,2026-01-09 14:40:10,2026-01-09 17:40:10,226.32,Unknown STRAT,180.0,2282.5599999999936,102282.56,-3.0452699999999897
2026.01.09 14:40:10,1401887239,XAUUSD,buy,0.24,4 496.13,4 475.00,4 548.92,2026.01.09 17:40:10,4 505.18,-1.68,0.0,217.2,2026-01-09 14:40:10,2026-01-09 17:40:10,217.2,Unknown STRAT,180.0,2499.7599999999934,102499.76,-2.8280699999999928
2026.01.09 15:40:10,1402086545,XAUUSD,buy,0.31,4 515.17,4 499.00,4 555.38,2026.01.09 17:48:54,4 498.73,-2.18,0.0,-509.64,2026-01-09 15:40:10,2026-01-09 17:48:54,-509.64,Unknown STRAT,128.73333333333332,1990.1199999999935,101990.12,-3.3377099999999915
2026.01.09 19:20:10,1402493014,XAUUSD,buy,0.82,4 498.10,4 492.00,4 513.35,2026.01.11 23:02:00,4 516.25,-5.74,-47.2,1 488.30,2026-01-09 19:20:10,2026-01-11 23:02:00,1488.3,Unknown STRAT,3101.8333333333335,3478.4199999999937,103478.42,-1.849409999999989
2026.01.09 19:20:10,1402493011,XAUUSD,buy,0.82,4 498.10,4 492.00,4 513.28,2026.01.11 23:02:00,4 516.25,-5.74,-47.2,1 488.30,2026-01-09 19:20:10,2026-01-11 23:02:00,1488.3,Unknown STRAT,3101.8333333333335,4966.719999999994,104966.72,-0.36110999999998605
2026.01.09 19:40:09,1402516958,XAUUSD,buy,0.34,4 500.23,4 485.50,4 537.05,2026.01.11 23:20:09,4 533.04,-2.38,-19.57,1 115.54,2026-01-09 19:40:09,2026-01-11 23:20:09,1115.54,Unknown STRAT,3100.0,6082.259999999994,106082.26,-0.0
2026.01.11 23:20:09,1403105820,XAUUSD,buy,0.26,4 533.14,4 514.00,4 580.99,2026.01.12 00:36:44,4 581.01,-1.82,0.0,1 244.62,2026-01-11 23:20:09,2026-01-12 00:36:44,1244.62,Unknown STRAT,76.58333333333333,7326.879999999994,107326.87999999999,-0.0
2026.01.11 23:20:10,1403105826,XAUUSD,buy,0.26,4 533.12,4 514.00,4 580.99,2026.01.12 00:36:44,4 581.01,-1.82,0.0,1 245.14,2026-01-11 23:20:10,2026-01-12 00:36:44,1245.14,Unknown STRAT,76.56666666666666,8572.019999999993,108572.01999999999,-0.0
2026.01.12 00:20:09,1403207946,XAUUSD,buy,0.36,4 562.86,4 549.00,4 597.48,2026.01.12 00:48:38,4 597.62,-2.52,0.0,1 251.36,2026-01-12 00:20:09,2026-01-12 00:48:38,1251.36,Unknown STRAT,28.483333333333334,9823.379999999994,109823.37999999999,-0.0
2026.01.12 01:40:10,1403397523,XAUUSD,buy,0.41,4 579.82,4 567.50,4 610.59,2026.01.12 02:03:27,4 567.59,-2.88,0.0,-501.43,2026-01-12 01:40:10,2026-01-12 02:03:27,-501.43,Unknown STRAT,23.283333333333335,9321.949999999993,109321.95,-0.5014299999999929
2026.01.12 01:40:10,1403397538,XAUUSD,buy,0.41,4 579.89,4 567.50,4 610.62,2026.01.12 02:03:27,4 567.59,-2.88,0.0,-504.3,2026-01-12 01:40:10,2026-01-12 02:03:27,-504.3,Unknown STRAT,23.283333333333335,8817.649999999994,108817.65,-1.005729999999996
2026.01.12 02:00:19,1403429276,XAUUSD,buy,0.97,4 572.82,4 567.50,4 585.63,2026.01.12 02:03:27,4 567.59,-6.8,0.0,-507.31,2026-01-12 02:00:19,2026-01-12 02:03:27,-507.31,Unknown STRAT,3.1333333333333333,8310.339999999995,108310.34,-1.5130399999999937
2026.01.12 03:40:10,1403559533,XAUUSD,buy,1.54,4 576.74,4 573.50,4 584.84,2026.01.12 03:43:32,4 573.48,-10.78,0.0,-502.04,2026-01-12 03:40:10,2026-01-12 03:43:32,-502.04,Unknown STRAT,3.3666666666666667,7808.299999999995,107808.29999999999,-2.0150800000000015
2026.01.12 05:00:09,1403640503,XAUUSD,buy,0.44,4 568.34,4 557.00,4 596.69,2026.01.12 08:00:09,4 586.43,-3.08,0.0,795.96,2026-01-12 05:00:09,2026-01-12 08:00:09,795.96,Unknown STRAT,180.0,8604.259999999995,108604.26,-1.2191199999999953
2026.01.12 05:00:10,1403640522,XAUUSD,buy,0.44,4 568.27,4 557.00,4 596.69,2026.01.12 08:00:09,4 586.29,-3.08,0.0,792.88,2026-01-12 05:00:10,2026-01-12 08:00:09,792.88,Unknown STRAT,179.98333333333332,9397.139999999994,109397.14,-0.4262399999999907
2026.01.12 05:20:09,1403660170,XAUUSD,buy,0.33,4 572.28,4 557.00,4 610.48,2026.01.12 08:20:14,4 582.88,-2.32,0.0,349.8,2026-01-12 05:20:09,2026-01-12 08:20:14,349.8,Unknown STRAT,180.08333333333334,9746.939999999993,109746.93999999999,-0.07644000000000233
2026.01.12 08:20:14,1403910950,XAUUSD,sell,0.56,4 582.89,4 592.00,4 560.85,2026.01.12 08:47:45,4 592.16,-3.92,0.0,-519.12,2026-01-12 08:20:14,2026-01-12 08:47:45,-519.12,Unknown STRAT,27.516666666666666,9227.819999999992,109227.81999999999,-0.5955599999999976
2026.01.12 08:20:15,1403911105,XAUUSD,sell,0.55,4 582.89,4 592.00,4 560.08,2026.01.12 08:47:45,4 592.16,-3.86,0.0,-509.85,2026-01-12 08:20:15,2026-01-12 08:47:45,-509.85,Unknown STRAT,27.5,8717.969999999992,108717.96999999999,-1.1054100000000036
2026.01.12 08:20:15,1403911135,XAUUSD,sell,0.55,4 582.80,4 592.00,4 560.12,2026.01.12 08:47:45,4 592.16,-3.86,0.0,-514.8,2026-01-12 08:20:15,2026-01-12 08:47:45,-514.8,Unknown STRAT,27.5,8203.169999999993,108203.17,-1.6202099999999917
2026.01.12 09:40:09,1404042089,XAUUSD,sell,0.87,4 594.30,4 600.00,4 579.98,2026.01.12 12:08:50,4 580.36,-6.1,0.0,1 212.78,2026-01-12 09:40:09,2026-01-12 12:08:50,1212.78,Unknown STRAT,148.68333333333334,9415.949999999993,109415.95,-0.407429999999993
2026.01.12 09:40:09,1404042112,XAUUSD,sell,0.88,4 594.27,4 600.00,4 580.05,2026.01.12 12:08:50,4 580.36,-6.16,0.0,1 224.08,2026-01-12 09:40:09,2026-01-12 12:08:50,1224.08,Unknown STRAT,148.68333333333334,10640.029999999993,110640.03,-0.0
2026.01.12 10:00:10,1404071230,XAUUSD,sell,0.41,4 590.64,4 603.00,4 560.16,2026.01.12 13:00:09,4 590.05,-2.88,0.0,24.19,2026-01-12 10:00:10,2026-01-12 13:00:09,24.19,Unknown STRAT,179.98333333333332,10664.219999999994,110664.22,-0.0
2026.01.12 12:20:10,1404272338,XAUUSD,buy,1.38,4 580.11,4 576.50,4 589.20,2026.01.12 12:51:52,4 589.21,-9.66,0.0,1 255.80,2026-01-12 12:20:10,2026-01-12 12:51:52,1255.8,Unknown STRAT,31.7,11920.019999999993,111920.01999999999,-0.0
2026.01.12 12:40:09,1404301849,XAUUSD,buy,0.34,4 585.24,4 570.50,4 622.09,2026.01.12 15:26:29,4 622.02,-2.38,0.0,1 250.52,2026-01-12 12:40:09,2026-01-12 15:26:29,1250.52,Unknown STRAT,166.33333333333334,13170.539999999994,113170.54,-0.0
2026.01.12 14:40:09,1404618824,XAUUSD,buy,0.29,4 609.52,4 592.50,4 652.07,2026.01.12 17:40:09,4 613.76,-2.04,0.0,122.96,2026-01-12 14:40:09,2026-01-12 17:40:09,122.96,Unknown STRAT,180.0,13293.499999999993,113293.5,-0.0
2026.01.12 14:40:11,1404618861,XAUUSD,buy,0.29,4 610.05,4 592.50,4 652.28,2026.01.12 17:40:10,4 613.79,-2.04,0.0,108.46,2026-01-12 14:40:11,2026-01-12 17:40:10,108.46,Unknown STRAT,179.98333333333332,13401.959999999992,113401.95999999999,-0.0
2026.01.12 16:00:10,1404830924,XAUUSD,sell,0.68,4 622.04,4 629.50,4 603.63,2026.01.12 16:14:08,4 629.62,-4.76,0.0,-515.44,2026-01-12 16:00:10,2026-01-12 16:14:08,-515.44,Unknown STRAT,13.966666666666667,12886.519999999991,112886.51999999999,-0.5154400000000023
2026.01.12 16:40:10,1404911378,XAUUSD,sell,0.24,4 613.16,4 634.00,4 560.64,2026.01.12 19:40:09,4 616.81,-1.68,0.0,-87.6,2026-01-12 16:40:10,2026-01-12 19:40:09,-87.6,Unknown STRAT,179.98333333333332,12798.919999999991,112798.91999999998,-0.6030400000000081
2026.01.12 18:00:09,1405039999,XAUUSD,buy,0.41,4 617.23,4 605.00,4 647.32,2026.01.12 18:16:08,4 604.30,-2.88,0.0,-530.13,2026-01-12 18:00:09,2026-01-12 18:16:08,-530.13,Unknown STRAT,15.983333333333333,12268.789999999992,112268.79,-1.1331699999999982
2026.01.12 18:00:10,1405040013,XAUUSD,buy,0.41,4 617.23,4 605.00,4 647.80,2026.01.12 18:16:08,4 604.30,-2.88,0.0,-530.13,2026-01-12 18:00:10,2026-01-12 18:16:08,-530.13,Unknown STRAT,15.966666666666667,11738.659999999993,111738.65999999999,-1.6633000000000029
2026.01.12 19:00:09,1405128355,XAUUSD,buy,0.41,4 611.04,4 599.00,4 641.32,2026.01.12 20:42:13,4 599.01,-2.88,0.0,-493.23,2026-01-12 19:00:09,2026-01-12 20:42:13,-493.23,Unknown STRAT,102.06666666666666,11245.429999999993,111245.43,-2.1565299999999987
2026.01.12 19:00:10,1405128378,XAUUSD,buy,0.42,4 611.03,4 599.00,4 641.14,2026.01.12 20:42:13,4 599.01,-2.94,0.0,-504.84,2026-01-12 19:00:10,2026-01-12 20:42:13,-504.84,Unknown STRAT,102.05,10740.589999999993,110740.59,-2.6613699999999954
2026.01.12 20:00:09,1405191888,XAUUSD,sell,0.43,4 610.95,4 622.50,4 582.07,2026.01.12 23:05:49,4 593.63,-3.02,21.61,744.76,2026-01-12 20:00:09,2026-01-12 23:05:49,744.76,Unknown STRAT,185.66666666666666,11485.349999999993,111485.34999999999,-1.9166100000000006
2026.01.13 00:20:09,1405438192,XAUUSD,sell,0.46,4 594.66,4 605.50,4 567.60,2026.01.13 03:20:09,4 597.74,-3.22,0.0,-141.68,2026-01-13 00:20:09,2026-01-13 03:20:09,-141.68,Unknown STRAT,180.0,11343.669999999993,111343.67,-2.0582899999999937
2026.01.13 00:20:10,1405438205,XAUUSD,sell,0.46,4 594.66,4 605.50,4 567.56,2026.01.13 03:20:09,4 597.69,-3.22,0.0,-139.38,2026-01-13 00:20:10,2026-01-13 03:20:09,-139.38,Unknown STRAT,179.98333333333332,11204.289999999994,111204.29,-2.1976699999999982
2026.01.13 01:00:09,1405484957,XAUUSD,buy,0.51,4 586.20,4 576.50,4 610.62,2026.01.13 01:32:01,4 575.98,-3.58,0.0,-521.22,2026-01-13 01:00:09,2026-01-13 01:32:01,-521.22,Unknown STRAT,31.866666666666667,10683.069999999994,110683.06999999999,-2.7188899999999996
2026.01.13 01:40:09,1405555419,XAUUSD,buy,0.67,4 583.90,4 576.50,4 602.47,2026.01.13 04:40:09,4 595.86,-4.7,0.0,801.32,2026-01-13 01:40:09,2026-01-13 04:40:09,801.32,Unknown STRAT,180.0,11484.389999999994,111484.39,-1.9175699999999924
2026.01.13 09:00:10,1406088481,XAUUSD,sell,0.55,4 592.94,4 602.00,4 570.12,2026.01.13 12:00:09,4 588.96,-3.86,0.0,218.9,2026-01-13 09:00:10,2026-01-13 12:00:09,218.9,Unknown STRAT,179.98333333333332,11703.289999999994,111703.29,-1.6986699999999983
2026.01.13 09:00:10,1406088505,XAUUSD,sell,0.55,4 592.88,4 602.00,4 570.29,2026.01.13 12:00:10,4 588.86,-3.86,0.0,221.1,2026-01-13 09:00:10,2026-01-13 12:00:10,221.1,Unknown STRAT,180.0,11924.389999999994,111924.39,-1.4775699999999925
2026.01.13 09:20:09,1406114443,XAUUSD,sell,0.54,4 592.80,4 602.00,4 569.84,2026.01.13 12:20:09,4 583.90,-3.78,0.0,480.6,2026-01-13 09:20:09,2026-01-13 12:20:09,480.6,Unknown STRAT,180.0,12404.989999999994,112404.98999999999,-0.9969700000000012
2026.01.13 13:20:09,1406444447,XAUUSD,buy,4.13,4 601.92,4 601.00,4 605.24,2026.01.13 13:24:31,4 605.37,-28.92,0.0,1 424.85,2026-01-13 13:20:09,2026-01-13 13:24:31,1424.85,Unknown STRAT,4.366666666666666,13829.839999999995,113829.84,-0.0
2026.01.13 14:00:09,1406593090,XAUUSD,sell,0.43,4 610.54,4 622.00,4 581.26,2026.01.13 14:22:56,4 622.08,-3.02,0.0,-496.22,2026-01-13 14:00:09,2026-01-13 14:22:56,-496.22,Unknown STRAT,22.783333333333335,13333.619999999995,113333.62,-0.4962200000000011
2026.01.13 14:00:10,1406593117,XAUUSD,sell,0.44,4 610.36,4 622.00,4 581.89,2026.01.13 14:22:56,4 622.08,-3.08,0.0,-515.68,2026-01-13 14:00:10,2026-01-13 14:22:56,-515.68,Unknown STRAT,22.766666666666666,12817.939999999995,112817.94,-1.0118999999999942
2026.01.13 14:40:10,1406708060,XAUUSD,sell,0.85,4 616.66,4 622.50,4 601.99,2026.01.13 14:43:22,4 622.72,-5.96,0.0,-515.1,2026-01-13 14:40:10,2026-01-13 14:43:22,-515.1,Unknown STRAT,3.2,12302.839999999995,112302.84,-1.5270000000000001
2026.01.13 14:40:10,1406708093,XAUUSD,sell,0.86,4 616.36,4 622.50,4 602.06,2026.01.13 14:43:22,4 622.72,-6.02,0.0,-546.96,2026-01-13 14:40:10,2026-01-13 14:43:22,-546.96,Unknown STRAT,3.2,11755.879999999994,111755.87999999999,-2.0739600000000062
2026.01.13 16:20:19,1407035905,XAUUSD,sell,0.25,4 609.87,4 629.50,4 560.65,2026.01.13 19:20:11,4 591.41,-1.76,0.0,461.5,2026-01-13 16:20:19,2026-01-13 19:20:11,461.5,Unknown STRAT,179.86666666666667,12217.379999999994,112217.37999999999,-1.6124600000000064
2026.01.13 16:20:19,1407035896,XAUUSD,sell,0.25,4 609.86,4 629.50,4 560.73,2026.01.13 19:20:10,4 591.37,-1.76,0.0,462.25,2026-01-13 16:20:19,2026-01-13 19:20:10,462.25,Unknown STRAT,179.85,12679.629999999994,112679.62999999999,-1.1502100000000064
2026.01.13 16:20:20,1407035911,XAUUSD,sell,0.25,4 609.82,4 629.50,4 560.80,2026.01.13 19:20:11,4 591.44,-1.76,0.0,459.5,2026-01-13 16:20:20,2026-01-13 19:20:11,459.5,Unknown STRAT,179.85,13139.129999999994,113139.12999999999,-0.6907100000000065
2026.01.13 21:40:09,1407579671,XAUUSD,buy,0.34,4 588.01,4 573.50,4 624.35,2026.01.14 00:40:10,4 608.42,-2.38,-20.1,693.94,2026-01-13 21:40:09,2026-01-14 00:40:10,693.94,Unknown STRAT,180.01666666666668,13833.069999999994,113833.06999999999,-0.0
2026.01.13 21:40:10,1407579673,XAUUSD,buy,0.34,4 587.99,4 573.50,4 624.29,2026.01.14 00:40:11,4 608.22,-2.38,-20.1,687.82,2026-01-13 21:40:10,2026-01-14 00:40:11,687.82,Unknown STRAT,180.01666666666668,14520.889999999994,114520.89,-0.0
2026.01.13 23:20:09,1407636502,XAUUSD,buy,0.26,4 595.47,4 576.50,4 642.62,2026.01.14 02:20:09,4 618.48,-1.82,0.0,598.26,2026-01-13 23:20:09,2026-01-14 02:20:09,598.26,Unknown STRAT,180.0,15119.149999999994,115119.15,-0.0
2026.01.14 00:40:10,1407713353,XAUUSD,sell,3.16,4 608.24,4 610.00,4 604.47,2026.01.14 00:41:49,4 610.51,-22.12,0.0,-717.32,2026-01-14 00:40:10,2026-01-14 00:41:49,-717.32,Unknown STRAT,1.65,14401.829999999994,114401.82999999999,-0.717320000000007
2026.01.14 01:20:10,1407764092,XAUUSD,buy,0.59,4 617.26,4 609.00,4 638.54,2026.01.14 04:20:10,4 628.30,-4.14,0.0,651.36,2026-01-14 01:20:10,2026-01-14 04:20:10,651.36,Unknown STRAT,180.0,15053.189999999995,115053.19,-0.06595999999999186
2026.01.14 01:20:10,1407764103,XAUUSD,buy,0.61,4 617.31,4 609.00,4 637.91,2026.01.14 04:20:10,4 628.31,-4.28,0.0,671,2026-01-14 01:20:10,2026-01-14 04:20:10,671.0,Unknown STRAT,180.0,15724.189999999995,115724.19,-0.0
2026.01.14 03:00:09,1407875866,XAUUSD,sell,0.42,4 620.54,4 632.50,4 590.50,2026.01.14 05:01:38,4 632.80,-2.94,0.0,-514.92,2026-01-14 03:00:09,2026-01-14 05:01:38,-514.92,Unknown STRAT,121.48333333333333,15209.269999999995,115209.26999999999,-0.5149200000000128
2026.01.14 04:40:09,1407981095,XAUUSD,sell,0.49,4 628.26,4 638.50,4 602.66,2026.01.14 05:02:03,4 638.46,-3.44,0.0,-499.8,2026-01-14 04:40:09,2026-01-14 05:02:03,-499.8,Unknown STRAT,21.9,14709.469999999996,114709.47,-1.0147200000000012
2026.01.14 05:00:09,1408000808,XAUUSD,sell,2.31,4 630.34,4 632.50,4 624.94,2026.01.14 05:01:38,4 632.80,-16.18,0.0,-568.26,2026-01-14 05:00:09,2026-01-14 05:01:38,-568.26,Unknown STRAT,1.4833333333333334,14141.209999999995,114141.20999999999,-1.5829800000000105
2026.01.14 06:00:09,1408085178,XAUUSD,sell,0.25,4 621.63,4 642.00,4 571.65,2026.01.14 09:00:10,4 634.60,-1.76,0.0,-324.25,2026-01-14 06:00:09,2026-01-14 09:00:10,-324.25,Unknown STRAT,180.01666666666668,13816.959999999995,113816.95999999999,-1.9072300000000104
2026.01.14 06:00:10,1408085200,XAUUSD,sell,0.25,4 621.64,4 642.00,4 570.70,2026.01.14 09:00:10,4 634.65,-1.76,0.0,-325.25,2026-01-14 06:00:10,2026-01-14 09:00:10,-325.25,Unknown STRAT,180.0,13491.709999999995,113491.70999999999,-2.2324800000000105
2026.01.14 06:00:10,1408085234,XAUUSD,sell,0.25,4 621.78,4 642.00,4 570.74,2026.01.14 09:00:11,4 634.62,-1.76,0.0,-321,2026-01-14 06:00:10,2026-01-14 09:00:11,-321.0,Unknown STRAT,180.01666666666668,13170.709999999995,113170.70999999999,-2.55348000000001
2026.01.14 09:40:10,1408389191,XAUUSD,sell,0.42,4 630.20,4 642.00,4 600.70,2026.01.14 12:40:10,4 635.78,-2.94,0.0,-234.36,2026-01-14 09:40:10,2026-01-14 12:40:10,-234.36,Unknown STRAT,180.0,12936.349999999995,112936.34999999999,-2.787840000000011
2026.01.14 09:40:10,1408389205,XAUUSD,sell,0.42,4 630.20,4 642.00,4 600.70,2026.01.14 12:40:11,4 635.70,-2.94,0.0,-231,2026-01-14 09:40:10,2026-01-14 12:40:11,-231.0,Unknown STRAT,180.01666666666668,12705.349999999995,112705.34999999999,-3.018840000000011
2026.01.14 09:40:10,1408389213,XAUUSD,sell,0.42,4 630.20,4 642.00,4 600.70,2026.01.14 12:40:11,4 635.71,-2.94,0.0,-231.42,2026-01-14 09:40:10,2026-01-14 12:40:11,-231.42,Unknown STRAT,180.01666666666668,12473.929999999995,112473.93,-3.250260000000009
2026.01.14 16:00:09,1409221758,XAUUSD,sell,0.4,4 618.95,4 631.50,4 587.57,2026.01.14 18:31:46,4 631.75,-2.8,0.0,-512,2026-01-14 16:00:09,2026-01-14 18:31:46,-512.0,Unknown STRAT,151.61666666666667,11961.929999999995,111961.93,-3.7622600000000097
2026.01.14 16:00:10,1409221780,XAUUSD,sell,0.4,4 618.94,4 631.50,4 587.57,2026.01.14 18:31:46,4 631.75,-2.8,0.0,-512.4,2026-01-14 16:00:10,2026-01-14 18:31:46,-512.4,Unknown STRAT,151.6,11449.529999999995,111449.53,-4.2746600000000035
2026.01.14 18:20:10,1409503127,XAUUSD,buy,0.26,4 626.54,4 608.00,4 674.12,2026.01.14 21:20:09,4 625.84,-1.82,0.0,-18.2,2026-01-14 18:20:10,2026-01-14 21:20:09,-18.2,Unknown STRAT,179.98333333333332,11431.329999999994,111431.32999999999,-4.292860000000015
2026.01.14 19:20:09,1409600310,XAUUSD,sell,2.08,4 638.59,4 641.00,4 632.60,2026.01.14 19:45:45,4 640.46,-14.56,0.0,-388.96,2026-01-14 19:20:09,2026-01-14 19:45:45,-388.96,Unknown STRAT,25.6,11042.369999999995,111042.37,-4.681820000000006
2026.01.14 19:20:10,1409600319,XAUUSD,sell,2.07,4 638.58,4 641.00,4 632.53,2026.01.14 19:45:45,4 640.46,-14.5,0.0,-389.16,2026-01-14 19:20:10,2026-01-14 19:45:45,-389.16,Unknown STRAT,25.583333333333332,10653.209999999995,110653.20999999999,-5.07098000000001
2026.01.14 20:00:09,1409652322,XAUUSD,sell,0.9,4 640.08,4 645.50,4 626.01,2026.01.14 20:44:45,4 626.46,-6.3,0.0,1 225.80,2026-01-14 20:00:09,2026-01-14 20:44:45,1225.8,Unknown STRAT,44.6,11879.009999999995,111879.01,-3.8451800000000076
2026.01.14 20:20:10,1409705336,XAUUSD,sell,0.49,4 635.15,4 645.50,4 609.49,2026.01.14 23:20:09,4 612.17,-3.44,76.67,1 126.02,2026-01-14 20:20:10,2026-01-14 23:20:09,1126.02,Unknown STRAT,179.98333333333332,13005.029999999995,113005.03,-2.7191600000000036
2026.01.14 21:00:10,1409762552,XAUUSD,sell,0.38,4 632.14,4 645.50,4 598.99,2026.01.15 00:00:09,4 615.84,-2.66,59.46,619.4,2026-01-14 21:00:10,2026-01-15 00:00:09,619.4,Unknown STRAT,179.98333333333332,13624.429999999995,113624.43,-2.099760000000009
2026.01.14 21:20:09,1409783581,XAUUSD,sell,0.28,4 625.77,4 643.50,4 581.69,2026.01.15 00:20:10,4 616.44,-1.96,43.81,261.24,2026-01-14 21:20:09,2026-01-15 00:20:10,261.24,Unknown STRAT,180.01666666666668,13885.669999999995,113885.67,-1.838520000000004
2026.01.14 23:20:09,1409867008,XAUUSD,sell,0.31,4 612.00,4 628.00,4 572.35,2026.01.15 02:20:10,4 614.34,-2.18,0.0,-72.54,2026-01-14 23:20:09,2026-01-15 02:20:10,-72.54,Unknown STRAT,180.01666666666668,13813.129999999994,113813.12999999999,-1.9110600000000124
2026.01.15 00:40:09,1409966371,XAUUSD,sell,0.67,4 615.53,4 623.00,4 596.85,2026.01.15 01:30:40,4 596.63,-4.7,0.0,1 266.30,2026-01-15 00:40:09,2026-01-15 01:30:40,1266.3,Unknown STRAT,50.516666666666666,15079.429999999993,115079.43,-0.6447600000000093
2026.01.15 01:00:09,1409991572,XAUUSD,sell,0.46,4 612.44,4 623.00,4 585.27,2026.01.15 01:32:03,4 585.48,-3.22,0.0,1 240.16,2026-01-15 01:00:09,2026-01-15 01:32:03,1240.16,Unknown STRAT,31.9,16319.589999999993,116319.59,-0.0
2026.01.15 01:40:10,1410084482,XAUUSD,sell,1.02,4 595.61,4 600.50,4 583.32,2026.01.15 01:41:44,4 600.60,-7.14,0.0,-508.98,2026-01-15 01:40:10,2026-01-15 01:41:44,-508.98,Unknown STRAT,1.5666666666666667,15810.609999999993,115810.60999999999,-0.5089800000000105
2026.01.15 03:00:09,1410209202,XAUUSD,buy,1.54,4 602.58,4 599.50,4 610.84,2026.01.15 03:02:52,4 599.18,-10.78,0.0,-523.6,2026-01-15 03:00:09,2026-01-15 03:02:52,-523.6,Unknown STRAT,2.716666666666667,15287.009999999993,115287.01,-1.0325800000000016
2026.01.15 04:00:18,1410308498,XAUUSD,sell,0.51,4 592.18,4 602.00,4 567.91,2026.01.15 06:07:20,4 602.00,-3.58,0.0,-500.82,2026-01-15 04:00:18,2026-01-15 06:07:20,-500.82,Unknown STRAT,127.03333333333333,14786.189999999993,114786.18999999999,-1.5334000000000088
2026.01.15 04:00:19,1410308512,XAUUSD,sell,0.51,4 592.15,4 602.00,4 567.63,2026.01.15 06:07:20,4 602.00,-3.58,0.0,-502.35,2026-01-15 04:00:19,2026-01-15 06:07:20,-502.35,Unknown STRAT,127.01666666666667,14283.839999999993,114283.84,-2.03575
2026.01.15 04:40:10,1410355469,XAUUSD,sell,0.76,4 595.33,4 602.00,4 578.83,2026.01.15 06:07:20,4 602.00,-5.32,0.0,-506.92,2026-01-15 04:40:10,2026-01-15 06:07:20,-506.92,Unknown STRAT,87.16666666666667,13776.919999999993,113776.92,-2.5426699999999984
2026.01.15 08:20:19,1410684662,XAUUSD,buy,0.53,4 606.23,4 596.50,4 629.61,2026.01.15 11:20:09,4 618.82,-3.72,0.0,667.27,2026-01-15 08:20:19,2026-01-15 11:20:09,667.27,Unknown STRAT,179.83333333333334,14444.189999999993,114444.18999999999,-1.8754000000000086
2026.01.15 08:20:20,1410684926,XAUUSD,buy,0.51,4 606.23,4 596.50,4 630.55,2026.01.15 11:20:10,4 618.92,-3.58,0.0,647.19,2026-01-15 08:20:20,2026-01-15 11:20:10,647.19,Unknown STRAT,179.83333333333334,15091.379999999994,115091.37999999999,-1.2282100000000065
2026.01.15 08:20:20,1410684960,XAUUSD,buy,0.51,4 606.23,4 596.50,4 630.55,2026.01.15 11:20:11,4 618.95,-3.58,0.0,648.72,2026-01-15 08:20:20,2026-01-15 11:20:11,648.72,Unknown STRAT,179.85,15740.099999999993,115740.09999999999,-0.5794900000000053
2026.01.15 11:20:10,1410928274,XAUUSD,sell,0.43,4 618.95,4 630.50,4 590.07,2026.01.15 13:41:45,4 589.95,-3.02,0.0,1 247.00,2026-01-15 11:20:10,2026-01-15 13:41:45,1247.0,Unknown STRAT,141.58333333333334,16987.09999999999,116987.09999999999,-0.0
2026.01.15 11:40:10,1410949756,XAUUSD,sell,0.54,4 621.29,4 630.50,4 598.30,2026.01.15 13:31:29,4 597.78,-3.78,0.0,1 269.54,2026-01-15 11:40:10,2026-01-15 13:31:29,1269.54,Unknown STRAT,111.31666666666666,18256.639999999992,118256.63999999998,-0.0
2026.01.15 12:00:09,1410977672,XAUUSD,sell,0.43,4 618.82,4 630.50,4 589.87,2026.01.15 13:43:57,4 589.76,-3.02,0.0,1 249.58,2026-01-15 12:00:09,2026-01-15 13:43:57,1249.58,Unknown STRAT,103.8,19506.219999999994,119506.22,-0.0
2026.01.15 13:40:09,1411162885,XAUUSD,sell,0.33,4 594.77,4 610.00,4 556.31,2026.01.15 14:32:48,4 610.20,-2.32,0.0,-509.19,2026-01-15 13:40:09,2026-01-15 14:32:48,-509.19,Unknown STRAT,52.65,18997.029999999995,118997.03,-0.5091900000000024
2026.01.15 14:00:09,1411221420,XAUUSD,buy,4.55,4 588.06,4 587.00,4 590.85,2026.01.15 14:00:15,4 586.89,-31.86,0.0,-532.35,2026-01-15 14:00:09,2026-01-15 14:00:15,-532.35,Unknown STRAT,0.1,18464.679999999997,118464.68,-1.0415400000000081
2026.01.15 15:40:10,1411499869,XAUUSD,sell,0.36,4 613.32,4 627.00,4 579.01,2026.01.15 18:40:09,4 618.08,-2.52,0.0,-171.36,2026-01-15 15:40:10,2026-01-15 18:40:09,-171.36,Unknown STRAT,179.98333333333332,18293.319999999996,118293.31999999999,-1.2129000000000087
2026.01.15 15:40:10,1411499887,XAUUSD,sell,0.37,4 613.37,4 627.00,4 579.12,2026.01.15 18:40:10,4 618.04,-2.6,0.0,-172.79,2026-01-15 15:40:10,2026-01-15 18:40:10,-172.79,Unknown STRAT,180.0,18120.529999999995,118120.53,-1.3856900000000023
2026.01.15 15:40:10,1411499896,XAUUSD,sell,0.37,4 613.40,4 627.00,4 579.40,2026.01.15 18:40:11,4 618.11,-2.6,0.0,-174.27,2026-01-15 15:40:10,2026-01-15 18:40:11,-174.27,Unknown STRAT,180.01666666666668,17946.259999999995,117946.26,-1.5599600000000065
2026.01.15 18:40:10,1411820100,XAUUSD,sell,1.2,4 617.83,4 622.00,4 607.40,2026.01.15 20:09:51,4 607.39,-8.4,0.0,1 252.80,2026-01-15 18:40:10,2026-01-15 20:09:51,1252.8,Unknown STRAT,89.68333333333334,19199.059999999994,119199.06,-0.3071600000000035
2026.01.15 19:00:10,1411845144,XAUUSD,sell,0.53,4 617.68,4 627.00,4 594.13,2026.01.15 23:05:51,4 620.37,-3.72,27.64,-142.57,2026-01-15 19:00:10,2026-01-15 23:05:51,-142.57,Unknown STRAT,245.68333333333334,19056.489999999994,119056.48999999999,-0.4497300000000105
2026.01.15 19:20:09,1411869195,XAUUSD,sell,0.68,4 619.28,4 626.50,4 600.95,2026.01.15 20:18:13,4 600.94,-4.76,0.0,1 247.12,2026-01-15 19:20:09,2026-01-15 20:18:13,1247.12,Unknown STRAT,58.06666666666667,20303.609999999993,120303.60999999999,-0.0
2026.01.15 20:20:10,1411946706,XAUUSD,sell,0.28,4 602.64,4 620.00,4 557.49,2026.01.15 23:05:34,4 620.12,-1.96,14.6,-489.44,2026-01-15 20:20:10,2026-01-15 23:05:34,-489.44,Unknown STRAT,165.4,19814.169999999995,119814.17,-0.4894399999999878
2026.01.15 20:20:10,1411946805,XAUUSD,sell,0.29,4 602.86,4 620.00,4 559.24,2026.01.15 23:05:34,4 620.12,-2.04,15.13,-500.54,2026-01-15 20:20:10,2026-01-15 23:05:34,-500.54,Unknown STRAT,165.4,19313.629999999994,119313.62999999999,-0.9899799999999959
2026.01.15 23:40:09,1412108256,XAUUSD,buy,1.09,4 608.54,4 604.00,4 620.07,2026.01.16 00:08:28,4 603.62,-7.64,0.0,-536.28,2026-01-15 23:40:09,2026-01-16 00:08:28,-536.28,Unknown STRAT,28.316666666666666,18777.349999999995,118777.34999999999,-1.5262599999999948
2026.01.16 00:00:09,1412122948,XAUUSD,buy,0.83,4 609.99,4 604.00,4 624.96,2026.01.16 00:08:28,4 603.62,-5.82,0.0,-528.71,2026-01-16 00:00:09,2026-01-16 00:08:28,-528.71,Unknown STRAT,8.316666666666666,18248.639999999996,118248.64,-2.0549699999999866
2026.01.16 00:20:09,1412140583,XAUUSD,buy,1.13,4 608.43,4 604.00,4 619.47,2026.01.16 00:33:26,4 603.87,-7.92,0.0,-515.28,2026-01-16 00:20:09,2026-01-16 00:33:26,-515.28,Unknown STRAT,13.283333333333333,17733.359999999997,117733.36,-2.5702499999999855
2026.01.16 01:00:09,1412179093,XAUUSD,buy,1.23,4 598.21,4 594.00,4 608.28,2026.01.16 01:01:10,4 594.12,-8.62,0.0,-503.07,2026-01-16 01:00:09,2026-01-16 01:01:10,-503.07,Unknown STRAT,1.0166666666666666,17230.289999999997,117230.29,-3.0733199999999927
2026.01.16 01:20:10,1412209195,XAUUSD,buy,0.52,4 603.43,4 594.00,4 627.70,2026.01.16 02:35:30,4 594.06,-3.64,0.0,-487.24,2026-01-16 01:20:10,2026-01-16 02:35:30,-487.24,Unknown STRAT,75.33333333333333,16743.049999999996,116743.04999999999,-3.5605599999999975
2026.01.16 01:20:10,1412209208,XAUUSD,buy,0.53,4 603.45,4 594.00,4 627.01,2026.01.16 02:35:30,4 594.06,-3.72,0.0,-497.67,2026-01-16 01:20:10,2026-01-16 02:35:30,-497.67,Unknown STRAT,75.33333333333333,16245.379999999996,116245.37999999999,-4.0582299999999965
2026.01.16 02:00:09,1412256808,XAUUSD,sell,0.47,4 600.37,4 611.00,4 573.80,2026.01.16 05:00:09,4 601.43,-3.3,0.0,-49.82,2026-01-16 02:00:09,2026-01-16 05:00:09,-49.82,Unknown STRAT,180.0,16195.559999999996,116195.56,-4.108049999999988
2026.01.16 02:40:10,1412309919,XAUUSD,buy,1.54,4 594.87,4 591.00,4 602.38,2026.01.16 05:30:49,4 602.86,-10.78,0.0,1 230.46,2026-01-16 02:40:10,2026-01-16 05:30:49,1230.46,Unknown STRAT,170.65,17426.019999999997,117426.01999999999,-2.8775899999999965
2026.01.16 02:40:10,1412309996,XAUUSD,sell,0.31,4 594.92,4 611.00,4 554.37,2026.01.16 05:40:10,4 603.28,-2.18,0.0,-259.16,2026-01-16 02:40:10,2026-01-16 05:40:10,-259.16,Unknown STRAT,180.0,17166.859999999997,117166.86,-3.1367499999999855
2026.01.16 05:00:10,1412422928,XAUUSD,buy,0.42,4 601.43,4 589.50,4 631.26,2026.01.16 08:00:09,4 606.16,-2.94,0.0,198.66,2026-01-16 05:00:10,2026-01-16 08:00:09,198.66,Unknown STRAT,179.98333333333332,17365.519999999997,117365.51999999999,-2.9380899999999968
2026.01.16 05:40:10,1412462632,XAUUSD,buy,2.89,4 603.26,4 601.50,4 607.55,2026.01.16 05:45:03,4 607.54,-20.24,0.0,1 236.92,2026-01-16 05:40:10,2026-01-16 05:45:03,1236.92,Unknown STRAT,4.883333333333334,18602.439999999995,118602.44,-1.7011699999999839
2026.01.16 06:00:09,1412494248,XAUUSD,buy,0.55,4 612.18,4 603.00,4 634.60,2026.01.16 06:31:30,4 602.98,-3.86,0.0,-506,2026-01-16 06:00:09,2026-01-16 06:31:30,-506.0,Unknown STRAT,31.35,18096.439999999995,118096.44,-2.2071699999999836
2026.01.16 06:00:12,1412494282,XAUUSD,buy,0.54,4 612.10,4 603.00,4 635.13,2026.01.16 06:31:30,4 602.98,-3.78,0.0,-492.48,2026-01-16 06:00:12,2026-01-16 06:31:30,-492.48,Unknown STRAT,31.3,17603.959999999995,117603.95999999999,-2.699649999999994
2026.01.16 10:00:10,1412799626,XAUUSD,buy,0.97,4 601.23,4 596.00,4 614.10,2026.01.16 11:41:21,4 614.09,-6.8,0.0,1 247.42,2026-01-16 10:00:10,2026-01-16 11:41:21,1247.42,Unknown STRAT,101.18333333333334,18851.379999999997,118851.38,-1.4522299999999815
2026.01.16 12:00:09,1412956382,XAUUSD,sell,0.86,4 612.11,4 618.00,4 597.74,2026.01.16 12:52:59,4 597.58,-6.02,0.0,1 249.58,2026-01-16 12:00:09,2026-01-16 12:52:59,1249.58,Unknown STRAT,52.833333333333336,20100.96,120100.95999999999,-0.2026499999999942
2026.01.16 12:00:10,1412956434,XAUUSD,sell,0.84,4 612.03,4 618.00,4 597.18,2026.01.16 13:10:00,4 597.20,-5.88,0.0,1 245.72,2026-01-16 12:00:10,2026-01-16 13:10:00,1245.72,Unknown STRAT,69.83333333333333,21346.68,121346.68,-0.0
2026.01.16 12:20:10,1412982084,XAUUSD,sell,0.87,4 612.29,4 618.00,4 597.98,2026.01.16 12:52:59,4 597.58,-6.1,0.0,1 279.77,2026-01-16 12:20:10,2026-01-16 12:52:59,1279.77,Unknown STRAT,32.81666666666667,22626.45,122626.45,-0.0
2026.01.16 13:20:09,1413102506,XAUUSD,sell,0.21,4 583.88,4 608.00,4 523.93,2026.01.16 14:12:09,4 608.25,-1.48,0.0,-511.77,2026-01-16 13:20:09,2026-01-16 14:12:09,-511.77,Unknown STRAT,52.0,22114.68,122114.68,-0.511770000000004
2026.01.16 13:20:10,1413102538,XAUUSD,sell,0.21,4 583.94,4 608.00,4 523.58,2026.01.16 14:12:09,4 608.25,-1.48,0.0,-510.51,2026-01-16 13:20:10,2026-01-16 14:12:09,-510.51,Unknown STRAT,51.983333333333334,21604.170000000002,121604.17,-1.0222799999999987
2026.01.16 13:20:10,1413102554,XAUUSD,sell,0.21,4 583.93,4 608.00,4 523.79,2026.01.16 14:12:09,4 608.25,-1.48,0.0,-510.72,2026-01-16 13:20:10,2026-01-16 14:12:09,-510.72,Unknown STRAT,51.983333333333334,21093.45,121093.45,-1.533
2026.01.16 14:40:10,1413303409,XAUUSD,sell,0.84,4 606.03,4 612.00,4 591.10,2026.01.16 14:47:01,4 611.88,-5.88,0.0,-491.4,2026-01-16 14:40:10,2026-01-16 14:47:01,-491.4,Unknown STRAT,6.85,20602.05,120602.05,-2.024399999999994
2026.01.16 14:40:10,1413303389,XAUUSD,sell,0.84,4 606.04,4 612.00,4 591.21,2026.01.16 14:47:01,4 611.88,-5.88,0.0,-490.56,2026-01-16 14:40:10,2026-01-16 14:47:01,-490.56,Unknown STRAT,6.85,20111.489999999998,120111.48999999999,-2.5149600000000065
2026.01.16 14:40:11,1413303435,XAUUSD,sell,0.84,4 605.49,4 612.00,4 591.10,2026.01.16 14:47:01,4 611.88,-5.88,0.0,-536.76,2026-01-16 14:40:11,2026-01-16 14:47:01,-536.76,Unknown STRAT,6.833333333333333,19574.73,119574.73,-3.0517200000000013
2026.01.16 15:00:10,1413359078,XAUUSD,sell,0.91,4 609.18,4 614.50,4 595.25,2026.01.16 15:02:49,4 614.52,-6.38,0.0,-485.94,2026-01-16 15:00:10,2026-01-16 15:02:49,-485.94,Unknown STRAT,2.65,19088.79,119088.79000000001,-3.537659999999989
2026.01.16 15:20:10,1413419267,XAUUSD,sell,0.45,4 607.54,4 618.50,4 579.37,2026.01.16 15:28:07,4 579.30,-3.16,0.0,1 270.80,2026-01-16 15:20:10,2026-01-16 15:28:07,1270.8,Unknown STRAT,7.95,20359.59,120359.59,-2.2668600000000008
2026.01.16 15:20:10,1413419322,XAUUSD,sell,0.46,4 606.86,4 618.50,4 580.14,2026.01.16 15:27:20,4 580.04,-3.22,0.0,1 233.72,2026-01-16 15:20:10,2026-01-16 15:27:20,1233.72,Unknown STRAT,7.166666666666667,21593.31,121593.31,-1.0331399999999995
2026.01.16 16:40:09,1413706101,XAUUSD,sell,0.73,4 595.16,4 602.00,4 578.02,2026.01.16 17:29:43,4 577.51,-5.12,0.0,1 288.45,2026-01-16 16:40:09,2026-01-16 17:29:43,1288.45,Unknown STRAT,49.56666666666667,22881.760000000002,122881.76000000001,-0.0
2026.01.16 17:40:09,1413816436,XAUUSD,sell,0.45,4 585.00,4 596.00,4 556.84,2026.01.16 18:33:52,4 596.19,-3.16,0.0,-503.55,2026-01-16 17:40:09,2026-01-16 18:33:52,-503.55,Unknown STRAT,53.71666666666667,22378.210000000003,122378.21,-0.5035500000000029
2026.01.16 18:20:10,1413876718,XAUUSD,buy,0.33,4 585.65,4 570.50,4 623.49,2026.01.16 21:20:09,4 597.78,-2.32,0.0,400.29,2026-01-16 18:20:10,2026-01-16 21:20:09,400.29,Unknown STRAT,179.98333333333332,22778.500000000004,122778.5,-0.1032600000000093
2026.01.16 18:20:10,1413876746,XAUUSD,buy,0.33,4 586.06,4 570.50,4 623.52,2026.01.16 21:20:10,4 597.78,-2.32,0.0,386.76,2026-01-16 18:20:10,2026-01-16 21:20:10,386.76,Unknown STRAT,180.0,23165.260000000002,123165.26000000001,-0.0
2026.01.16 18:40:09,1413904108,XAUUSD,buy,0.24,4 592.86,4 572.00,4 645.01,2026.01.16 21:40:10,4 595.08,-1.68,0.0,53.28,2026-01-16 18:40:09,2026-01-16 21:40:10,53.28,Unknown STRAT,180.01666666666668,23218.54,123218.54000000001,-0.0
2026.01.19 03:40:10,1415089312,XAUUSD,sell,0.34,4 663.18,4 678.00,4 626.02,2026.01.19 06:40:09,4 674.33,-2.38,0.0,-379.1,2026-01-19 03:40:10,2026-01-19 06:40:09,-379.1,Unknown STRAT,179.98333333333332,22839.440000000002,122839.44,-0.3791000000000058
2026.01.19 03:40:10,1415089321,XAUUSD,sell,0.34,4 663.19,4 678.00,4 626.16,2026.01.19 06:40:10,4 674.34,-2.38,0.0,-379.1,2026-01-19 03:40:10,2026-01-19 06:40:10,-379.1,Unknown STRAT,180.0,22460.340000000004,122460.34,-0.7582000000000116
2026.01.19 03:40:10,1415089327,XAUUSD,sell,0.34,4 663.19,4 678.00,4 626.16,2026.01.19 06:40:11,4 674.35,-2.38,0.0,-379.44,2026-01-19 03:40:10,2026-01-19 06:40:11,-379.44,Unknown STRAT,180.01666666666668,22080.900000000005,122080.90000000001,-1.1376399999999995
2026.01.19 08:00:09,1415371441,XAUUSD,sell,0.37,4 665.13,4 678.50,4 631.70,2026.01.19 11:00:09,4 664.16,-2.6,0.0,35.89,2026-01-19 08:00:09,2026-01-19 11:00:09,35.89,Unknown STRAT,180.0,22116.790000000005,122116.79000000001,-1.10175
2026.01.19 08:00:09,1415371509,XAUUSD,sell,0.37,4 665.13,4 678.50,4 631.70,2026.01.19 11:00:11,4 664.35,-2.6,0.0,28.86,2026-01-19 08:00:09,2026-01-19 11:00:11,28.86,Unknown STRAT,180.03333333333333,22145.650000000005,122145.65000000001,-1.0728899999999995
2026.01.19 08:20:09,1415409751,XAUUSD,buy,0.66,4 667.56,4 660.00,4 686.46,2026.01.19 11:20:09,4 662.83,-4.62,0.0,-312.18,2026-01-19 08:20:09,2026-01-19 11:20:09,-312.18,Unknown STRAT,180.0,21833.470000000005,121833.47,-1.385070000000007
2026.01.19 11:00:11,1415621449,XAUUSD,buy,0.81,4 664.23,4 658.00,4 679.66,2026.01.19 14:00:10,4 666.42,-5.68,0.0,177.39,2026-01-19 11:00:11,2026-01-19 14:00:10,177.39,Unknown STRAT,179.98333333333332,22010.860000000004,122010.86,-1.2076800000000074
2026.01.19 11:00:12,1415621561,XAUUSD,sell,0.51,4 664.22,4 674.00,4 639.95,2026.01.19 13:33:17,4 673.94,-3.58,0.0,-495.72,2026-01-19 11:00:12,2026-01-19 13:33:17,-495.72,Unknown STRAT,153.08333333333334,21515.140000000003,121515.14,-1.7034000000000087
2026.01.19 11:20:09,1415641098,XAUUSD,buy,0.92,4 662.82,4 657.50,4 676.43,2026.01.19 14:20:10,4 668.32,-6.44,0.0,506,2026-01-19 11:20:09,2026-01-19 14:20:10,506.0,Unknown STRAT,180.01666666666668,22021.140000000003,122021.14,-1.1974000000000087
2026.01.19 14:20:10,1415898937,XAUUSD,buy,0.46,4 668.34,4 657.50,4 695.72,2026.01.19 17:20:10,4 670.75,-3.22,0.0,110.86,2026-01-19 14:20:10,2026-01-19 17:20:10,110.86,Unknown STRAT,180.0,22132.000000000004,122132.0,-1.0865400000000083
2026.01.19 14:40:09,1415931955,XAUUSD,buy,0.75,4 664.62,4 658.00,4 681.24,2026.01.19 17:40:09,4 673.25,-5.26,0.0,647.25,2026-01-19 14:40:09,2026-01-19 17:40:09,647.25,Unknown STRAT,180.0,22779.250000000004,122779.25,-0.4392900000000082
2026.01.19 15:00:09,1415966652,XAUUSD,buy,0.68,4 665.16,4 658.00,4 683.65,2026.01.19 18:00:10,4 675.74,-4.76,0.0,719.44,2026-01-19 15:00:09,2026-01-19 18:00:10,719.44,Unknown STRAT,180.01666666666668,23498.690000000002,123498.69,-0.0
2026.01.20 00:40:10,1416449057,XAUUSD,buy,2.89,4 662.25,4 660.50,4 666.55,2026.01.20 00:59:54,4 660.43,-20.24,0.0,-525.98,2026-01-20 00:40:10,2026-01-20 00:59:54,-525.98,Unknown STRAT,19.733333333333334,22972.710000000003,122972.71,-0.5259799999999959
2026.01.20 01:40:09,1416522430,XAUUSD,buy,0.57,4 674.77,4 666.00,4 696.59,2026.01.20 01:57:17,4 666.70,-4.0,0.0,-459.99,2026-01-20 01:40:09,2026-01-20 01:57:17,-459.99,Unknown STRAT,17.133333333333333,22512.72,122512.72,-0.9859700000000011
2026.01.20 01:40:10,1416522444,XAUUSD,buy,0.57,4 674.73,4 666.00,4 696.70,2026.01.20 01:57:17,4 666.70,-4.0,0.0,-457.71,2026-01-20 01:40:10,2026-01-20 01:57:17,-457.71,Unknown STRAT,17.116666666666667,22055.010000000002,122055.01000000001,-1.443679999999993
2026.01.20 01:40:10,1416522450,XAUUSD,buy,0.57,4 674.62,4 666.00,4 696.55,2026.01.20 01:57:17,4 666.70,-4.0,0.0,-451.44,2026-01-20 01:40:10,2026-01-20 01:57:17,-451.44,Unknown STRAT,17.116666666666667,21603.570000000003,121603.57,-1.8951199999999953
2026.01.20 05:00:10,1416736972,XAUUSD,buy,0.93,4 697.26,4 691.50,4 710.23,2026.01.20 05:54:35,4 710.25,-6.52,0.0,1 208.07,2026-01-20 05:00:10,2026-01-20 05:54:35,1208.07,Unknown STRAT,54.416666666666664,22811.640000000003,122811.64,-0.6870500000000029
2026.01.20 05:00:10,1416737079,XAUUSD,buy,0.87,4 697.26,4 691.50,4 711.66,2026.01.20 05:55:18,4 711.96,-6.1,0.0,1 278.90,2026-01-20 05:00:10,2026-01-20 05:55:18,1278.9,Unknown STRAT,55.13333333333333,24090.540000000005,124090.54000000001,-0.0
2026.01.20 09:00:09,1417148671,XAUUSD,buy,0.24,4 729.91,4 709.00,4 782.15,2026.01.20 12:00:11,4 730.71,-1.68,0.0,19.2,2026-01-20 09:00:09,2026-01-20 12:00:11,19.2,Unknown STRAT,180.03333333333333,24109.740000000005,124109.74,-0.0
2026.01.20 09:00:10,1417148727,XAUUSD,buy,0.24,4 729.87,4 709.00,4 782.12,2026.01.20 12:00:13,4 730.69,-1.68,0.0,19.68,2026-01-20 09:00:10,2026-01-20 12:00:13,19.68,Unknown STRAT,180.05,24129.420000000006,124129.42000000001,-0.0
2026.01.20 09:00:10,1417148695,XAUUSD,buy,0.24,4 729.89,4 709.00,4 782.18,2026.01.20 12:00:12,4 730.69,-1.68,0.0,19.2,2026-01-20 09:00:10,2026-01-20 12:00:12,19.2,Unknown STRAT,180.03333333333333,24148.620000000006,124148.62000000001,-0.0
2026.01.20 12:00:12,1417435164,XAUUSD,buy,0.44,4 730.78,4 719.50,4 759.09,2026.01.20 13:21:57,4 719.54,-3.08,0.0,-494.56,2026-01-20 12:00:12,2026-01-20 13:21:57,-494.56,Unknown STRAT,81.75,23654.060000000005,123654.06,-0.4945600000000122
2026.01.20 12:00:13,1417435224,XAUUSD,buy,0.44,4 730.84,4 719.50,4 759.01,2026.01.20 13:21:57,4 719.54,-3.08,0.0,-497.2,2026-01-20 12:00:13,2026-01-20 13:21:57,-497.2,Unknown STRAT,81.73333333333333,23156.860000000004,123156.86,-0.9917600000000092
2026.01.20 13:00:09,1417519876,XAUUSD,buy,0.51,4 726.80,4 717.00,4 750.99,2026.01.20 13:22:12,4 716.82,-3.58,0.0,-508.98,2026-01-20 13:00:09,2026-01-20 13:22:12,-508.98,Unknown STRAT,22.05,22647.880000000005,122647.88,-1.5007400000000053
2026.01.20 13:40:10,1417623482,XAUUSD,buy,1.0,4 721.97,4 717.00,4 734.50,2026.01.20 13:57:03,4 734.49,-7.0,0.0,1 252.00,2026-01-20 13:40:10,2026-01-20 13:57:03,1252.0,Unknown STRAT,16.883333333333333,23899.880000000005,123899.88,-0.24874000000000523
2026.01.20 13:40:10,1417623505,XAUUSD,buy,1.01,4 721.92,4 717.00,4 734.40,2026.01.20 13:57:02,4 734.36,-7.08,0.0,1 256.44,2026-01-20 13:40:10,2026-01-20 13:57:02,1256.44,Unknown STRAT,16.866666666666667,25156.320000000003,125156.32,-0.0
2026.01.20 14:20:09,1417731591,XAUUSD,buy,0.87,4 744.56,4 739.00,4 759.05,2026.01.20 14:30:43,4 738.79,-6.1,0.0,-501.99,2026-01-20 14:20:09,2026-01-20 14:30:43,-501.99,Unknown STRAT,10.566666666666666,24654.33,124654.33,-0.5019900000000053
2026.01.20 14:20:10,1417731612,XAUUSD,buy,0.88,4 744.68,4 739.00,4 758.88,2026.01.20 14:30:43,4 738.79,-6.16,0.0,-518.32,2026-01-20 14:20:10,2026-01-20 14:30:43,-518.32,Unknown STRAT,10.55,24136.010000000002,124136.01000000001,-1.0203099999999976
2026.01.20 16:20:12,1418127482,XAUUSD,buy,2.73,4 740.73,4 739.00,4 745.40,2026.01.20 16:23:03,4 738.75,-19.12,0.0,-540.54,2026-01-20 16:20:12,2026-01-20 16:23:03,-540.54,Unknown STRAT,2.85,23595.47,123595.47,-1.5608500000000058
2026.01.20 21:00:09,1418700261,XAUUSD,buy,0.36,4 757.03,4 743.00,4 791.16,2026.01.21 00:00:10,4 775.12,-2.52,-21.11,651.24,2026-01-20 21:00:09,2026-01-21 00:00:10,651.24,Unknown STRAT,180.01666666666668,24246.710000000003,124246.71,-0.9096100000000006
2026.01.20 21:00:09,1418700239,XAUUSD,buy,0.36,4 756.76,4 743.00,4 791.16,2026.01.21 00:00:09,4 775.09,-2.52,-21.11,659.88,2026-01-20 21:00:09,2026-01-21 00:00:09,659.88,Unknown STRAT,180.0,24906.590000000004,124906.59,-0.24973000000001044
2026.01.20 21:00:10,1418700281,XAUUSD,buy,0.36,4 757.04,4 743.00,4 792.10,2026.01.21 00:00:11,4 775.08,-2.52,-21.11,649.44,2026-01-20 21:00:10,2026-01-21 00:00:11,649.44,Unknown STRAT,180.01666666666668,25556.030000000002,125556.03,-0.0
2026.01.21 00:40:10,1418880082,XAUUSD,buy,0.26,4 783.95,4 765.00,4 831.32,2026.01.21 01:30:34,4 831.76,-1.82,0.0,1 243.06,2026-01-21 00:40:10,2026-01-21 01:30:34,1243.06,Unknown STRAT,50.4,26799.090000000004,126799.09,-0.0
2026.01.21 00:40:10,1418880086,XAUUSD,buy,0.26,4 783.92,4 765.00,4 831.32,2026.01.21 01:30:34,4 831.76,-1.82,0.0,1 243.84,2026-01-21 00:40:10,2026-01-21 01:30:34,1243.84,Unknown STRAT,50.4,28042.930000000004,128042.93000000001,-0.0
2026.01.21 00:40:10,1418880091,XAUUSD,buy,0.26,4 783.92,4 765.00,4 831.22,2026.01.21 01:30:34,4 831.76,-1.82,0.0,1 243.84,2026-01-21 00:40:10,2026-01-21 01:30:34,1243.84,Unknown STRAT,50.4,29286.770000000004,129286.77,-0.0
2026.01.21 05:20:10,1419299715,XAUUSD,sell,1.71,4 874.08,4 877.00,4 866.78,2026.01.21 05:26:17,4 864.87,-11.98,0.0,1 574.91,2026-01-21 05:20:10,2026-01-21 05:26:17,1574.91,Unknown STRAT,6.116666666666666,30861.680000000004,130861.68000000001,-0.0
2026.01.21 07:40:09,1419562342,XAUUSD,buy,0.29,4 844.53,4 827.00,4 888.39,2026.01.21 10:40:10,4 863.29,-2.04,0.0,544.04,2026-01-21 07:40:09,2026-01-21 10:40:10,544.04,Unknown STRAT,180.01666666666668,31405.720000000005,131405.72,-0.0
2026.01.21 07:40:09,1419562350,XAUUSD,buy,0.29,4 844.53,4 827.00,4 888.35,2026.01.21 10:40:10,4 863.25,-2.04,0.0,542.88,2026-01-21 07:40:09,2026-01-21 10:40:10,542.88,Unknown STRAT,180.01666666666668,31948.600000000006,131948.6,-0.0
2026.01.21 07:40:10,1419562363,XAUUSD,sell,1.97,4 844.71,4 847.00,4 838.11,2026.01.21 07:40:45,4 846.99,-13.8,0.0,-449.16,2026-01-21 07:40:10,2026-01-21 07:40:45,-449.16,Unknown STRAT,0.5833333333333334,31499.440000000006,131499.44,-0.4491600000000035
2026.01.21 08:00:09,1419591339,XAUUSD,buy,0.24,4 854.76,4 834.00,4 906.66,2026.01.21 11:00:10,4 861.78,-1.68,0.0,168.48,2026-01-21 08:00:09,2026-01-21 11:00:10,168.48,Unknown STRAT,180.01666666666668,31667.920000000006,131667.92,-0.280679999999993
2026.01.21 11:20:09,1419866409,XAUUSD,buy,0.32,4 870.59,4 855.00,4 909.63,2026.01.21 14:04:53,4 853.81,-2.24,0.0,-536.96,2026-01-21 11:20:09,2026-01-21 14:04:53,-536.96,Unknown STRAT,164.73333333333332,31130.960000000006,131130.96000000002,-0.8176399999999849
2026.01.21 11:20:10,1419866447,XAUUSD,buy,0.32,4 870.64,4 855.00,4 909.57,2026.01.21 14:04:53,4 853.81,-2.24,0.0,-538.56,2026-01-21 11:20:10,2026-01-21 14:04:53,-538.56,Unknown STRAT,164.71666666666667,30592.400000000005,130592.40000000001,-1.3561999999999972
2026.01.21 11:40:09,1419892631,XAUUSD,sell,0.49,4 864.70,4 875.00,4 838.95,2026.01.21 13:37:34,4 874.95,-3.44,0.0,-502.25,2026-01-21 11:40:09,2026-01-21 13:37:34,-502.25,Unknown STRAT,117.41666666666667,30090.150000000005,130090.15000000001,-1.8584499999999973
2026.01.21 14:20:09,1420259430,XAUUSD,sell,0.23,4 848.94,4 871.00,4 793.90,2026.01.21 14:39:47,4 869.88,-1.62,0.0,-481.62,2026-01-21 14:20:09,2026-01-21 14:39:47,-481.62,Unknown STRAT,19.633333333333333,29608.530000000006,129608.53,-2.340070000000007
2026.01.21 14:20:09,1420259455,XAUUSD,sell,0.23,4 848.97,4 871.00,4 793.79,2026.01.21 14:39:47,4 869.88,-1.62,0.0,-480.93,2026-01-21 14:20:09,2026-01-21 14:39:47,-480.93,Unknown STRAT,19.633333333333333,29127.600000000006,129127.6,-2.8209999999999997
2026.01.21 15:40:14,1420606140,XAUUSD,buy,0.3,4 840.37,4 822.00,4 880.94,2026.01.21 16:52:04,4 822.76,-2.1,0.0,-528.3,2026-01-21 15:40:14,2026-01-21 16:52:04,-528.3,Unknown STRAT,71.83333333333333,28599.300000000007,128599.3,-3.349300000000003
2026.01.21 15:40:15,1420606342,XAUUSD,buy,0.27,4 840.38,4 822.00,4 886.30,2026.01.21 16:52:04,4 822.76,-1.9,0.0,-475.74,2026-01-21 15:40:15,2026-01-21 16:52:04,-475.74,Unknown STRAT,71.81666666666666,28123.560000000005,128123.56,-3.825040000000008
2026.01.21 16:00:09,1420672824,XAUUSD,sell,1.19,4 847.22,4 851.00,4 836.26,2026.01.21 16:02:16,4 851.39,-8.34,0.0,-496.23,2026-01-21 16:00:09,2026-01-21 16:02:16,-496.23,Unknown STRAT,2.1166666666666667,27627.330000000005,127627.33,-4.321270000000004
2026.01.21 17:00:20,1420865906,XAUUSD,sell,0.19,4 833.27,4 859.50,4 767.35,2026.01.21 19:44:14,4 766.44,-1.34,0.0,1 269.77,2026-01-21 17:00:20,2026-01-21 19:44:14,1269.77,Unknown STRAT,163.9,28897.100000000006,128897.1,-3.0515
2026.01.21 17:00:21,1420865943,XAUUSD,sell,0.19,4 833.32,4 859.50,4 767.70,2026.01.21 19:44:14,4 766.44,-1.34,0.0,1 270.72,2026-01-21 17:00:21,2026-01-21 19:44:14,1270.72,Unknown STRAT,163.88333333333333,30167.820000000007,130167.82,-1.780779999999999
2026.01.21 17:40:09,1420987644,XAUUSD,buy,0.87,4 816.75,4 811.00,4 831.16,2026.01.21 17:41:47,4 810.94,-6.1,0.0,-505.47,2026-01-21 17:40:09,2026-01-21 17:41:47,-505.47,Unknown STRAT,1.6333333333333333,29662.350000000006,129662.35,-2.28625
2026.01.21 19:20:09,1421217675,XAUUSD,sell,1.79,4 848.33,4 851.00,4 841.24,2026.01.21 19:22:32,4 851.13,-12.54,0.0,-501.2,2026-01-21 19:20:09,2026-01-21 19:22:32,-501.2,Unknown STRAT,2.3833333333333333,29161.150000000005,129161.15000000001,-2.787449999999997
2026.01.21 19:40:09,1421323972,XAUUSD,sell,0.06,4 771.98,4 859.50,4 554.20,2026.01.21 23:05:53,4 818.14,-0.42,9.35,-276.96,2026-01-21 19:40:09,2026-01-21 23:05:53,-276.96,Unknown STRAT,205.73333333333332,28884.190000000006,128884.19,-3.0644100000000036
2026.01.21 20:40:09,1421517103,XAUUSD,buy,0.69,4 806.38,4 799.00,4 824.30,2026.01.21 20:51:12,4 824.35,-4.84,0.0,1 239.93,2026-01-21 20:40:09,2026-01-21 20:51:12,1239.93,Unknown STRAT,11.05,30124.120000000006,130124.12000000001,-1.824479999999996
2026.01.21 20:40:10,1421517115,XAUUSD,buy,0.68,4 806.38,4 799.00,4 824.83,2026.01.21 20:51:18,4 824.83,-4.76,0.0,1 254.60,2026-01-21 20:40:10,2026-01-21 20:51:18,1254.6,Unknown STRAT,11.133333333333333,31378.720000000005,131378.72,-0.5698800000000046
2026.01.21 21:00:09,1421563791,XAUUSD,buy,0.17,4 823.73,4 794.00,4 897.70,2026.01.21 23:25:21,4 792.77,-1.2,-30.91,-526.32,2026-01-21 21:00:09,2026-01-21 23:25:21,-526.32,Unknown STRAT,145.2,30852.400000000005,130852.40000000001,-1.096199999999997
2026.01.21 21:00:10,1421563808,XAUUSD,buy,0.17,4 823.75,4 794.00,4 898.05,2026.01.21 23:25:21,4 792.77,-1.2,-30.91,-526.66,2026-01-21 21:00:10,2026-01-21 23:25:21,-526.66,Unknown STRAT,145.18333333333334,30325.740000000005,130325.74,-1.6228600000000006
2026.01.22 01:00:10,1421839529,XAUUSD,buy,0.26,4 793.36,4 774.50,4 841.52,2026.01.22 01:03:52,4 774.20,-1.82,0.0,-498.16,2026-01-22 01:00:10,2026-01-22 01:03:52,-498.16,Unknown STRAT,3.7,29827.580000000005,129827.58,-2.121020000000004
2026.01.22 01:00:10,1421839493,XAUUSD,buy,0.27,4 793.64,4 774.50,4 839.99,2026.01.22 01:03:52,4 774.20,-1.9,0.0,-524.88,2026-01-22 01:00:10,2026-01-22 01:03:52,-524.88,Unknown STRAT,3.7,29302.700000000004,129302.70000000001,-2.645899999999994
2026.01.22 01:00:11,1421839554,XAUUSD,buy,0.27,4 793.70,4 774.50,4 840.51,2026.01.22 01:03:52,4 774.20,-1.9,0.0,-526.5,2026-01-22 01:00:11,2026-01-22 01:03:52,-526.5,Unknown STRAT,3.683333333333333,28776.200000000004,128776.20000000001,-3.172399999999994
2026.01.22 01:40:10,1421920056,XAUUSD,sell,0.52,4 799.44,4 809.00,4 775.09,2026.01.22 02:39:30,4 774.89,-3.64,0.0,1 276.60,2026-01-22 01:40:10,2026-01-22 02:39:30,1276.6,Unknown STRAT,59.333333333333336,30052.800000000003,130052.8,-1.895800000000003
2026.01.22 01:40:10,1421920065,XAUUSD,sell,0.52,4 800.16,4 809.00,4 775.57,2026.01.22 02:39:27,4 775.40,-3.64,0.0,1 287.52,2026-01-22 01:40:10,2026-01-22 02:39:27,1287.52,Unknown STRAT,59.28333333333333,31340.320000000003,131340.32,-0.6082799999999988
2026.01.22 02:00:10,1421943759,XAUUSD,sell,0.54,4 797.17,4 806.50,4 773.88,2026.01.22 05:00:09,4 796.33,-3.78,0.0,45.36,2026-01-22 02:00:10,2026-01-22 05:00:09,45.36,Unknown STRAT,179.98333333333332,31385.680000000004,131385.68,-0.5629200000000129
2026.01.22 06:00:09,1422212256,XAUUSD,buy,0.31,4 822.26,4 806.00,4 862.42,2026.01.22 09:00:09,4 830.10,-2.18,0.0,243.04,2026-01-22 06:00:09,2026-01-22 09:00:09,243.04,Unknown STRAT,180.0,31628.720000000005,131628.72,-0.31988000000000466
2026.01.22 06:00:10,1422212302,XAUUSD,buy,0.31,4 822.40,4 806.00,4 862.91,2026.01.22 09:00:10,4 830.32,-2.18,0.0,245.52,2026-01-22 06:00:10,2026-01-22 09:00:10,245.52,Unknown STRAT,180.0,31874.240000000005,131874.24,-0.07436000000001514
2026.01.22 06:20:09,1422241716,XAUUSD,sell,0.71,4 823.38,4 830.50,4 805.76,2026.01.22 07:03:23,4 830.64,-4.98,0.0,-515.46,2026-01-22 06:20:09,2026-01-22 07:03:23,-515.46,Unknown STRAT,43.233333333333334,31358.780000000006,131358.78,-0.589820000000007
2026.01.22 08:00:10,1422376837,XAUUSD,sell,0.75,4 833.37,4 840.00,4 816.80,2026.01.22 09:32:31,4 817.42,-5.26,0.0,1 196.25,2026-01-22 08:00:10,2026-01-22 09:32:31,1196.25,Unknown STRAT,92.35,32555.030000000006,132555.03,-0.0
2026.01.22 10:00:09,1422568057,XAUUSD,buy,0.4,4 823.30,4 811.00,4 854.30,2026.01.22 13:00:10,4 817.92,-2.8,0.0,-215.2,2026-01-22 10:00:09,2026-01-22 13:00:10,-215.2,Unknown STRAT,180.01666666666668,32339.830000000005,132339.83000000002,-0.21519999999998254
2026.01.22 10:00:10,1422568093,XAUUSD,buy,0.41,4 823.28,4 811.00,4 854.05,2026.01.22 13:00:11,4 819.52,-2.88,0.0,-154.16,2026-01-22 10:00:10,2026-01-22 13:00:11,-154.16,Unknown STRAT,180.01666666666668,32185.670000000006,132185.67,-0.36935999999998603
2026.01.22 10:20:09,1422601406,XAUUSD,buy,0.37,4 824.17,4 811.00,4 858.11,2026.01.22 13:20:10,4 832.05,-2.6,0.0,291.56,2026-01-22 10:20:09,2026-01-22 13:20:10,291.56,Unknown STRAT,180.01666666666668,32477.230000000007,132477.23,-0.07779999999998836
2026.01.22 13:00:10,1422842518,XAUUSD,sell,0.24,4 818.44,4 839.00,4 765.22,2026.01.22 14:32:42,4 839.66,-1.68,0.0,-509.28,2026-01-22 13:00:10,2026-01-22 14:32:42,-509.28,Unknown STRAT,92.53333333333333,31967.950000000008,131967.95,-0.5870799999999873
2026.01.22 13:00:12,1422842692,XAUUSD,sell,0.26,4 819.86,4 839.00,4 770.82,2026.01.22 14:32:42,4 839.66,-1.82,0.0,-514.8,2026-01-22 13:00:12,2026-01-22 14:32:42,-514.8,Unknown STRAT,92.5,31453.15000000001,131453.15000000002,-1.1018799999999755
2026.01.22 13:20:10,1422891007,XAUUSD,buy,0.22,4 832.43,4 809.00,4 890.02,2026.01.22 16:20:10,4 878.18,-1.54,0.0,1 006.50,2026-01-22 13:20:10,2026-01-22 16:20:10,1006.5,Unknown STRAT,180.0,32459.65000000001,132459.65000000002,-0.09537999999997555
2026.01.22 16:40:10,1423475557,XAUUSD,sell,1.38,4 881.38,4 885.00,4 872.33,2026.01.22 16:50:34,4 885.24,-9.66,0.0,-532.68,2026-01-22 16:40:10,2026-01-22 16:50:34,-532.68,Unknown STRAT,10.4,31926.97000000001,131926.97,-0.6280599999999976
2026.01.22 16:40:10,1423475597,XAUUSD,buy,2.02,4 881.10,4 879.00,4 887.68,2026.01.22 16:55:38,4 878.48,-14.14,0.0,-529.24,2026-01-22 16:40:10,2026-01-22 16:55:38,-529.24,Unknown STRAT,15.466666666666667,31397.730000000007,131397.73,-1.1572999999999884
2026.01.22 17:00:10,1423520103,XAUUSD,sell,0.37,4 877.41,4 891.00,4 843.79,2026.01.22 17:22:57,4 890.47,-2.6,0.0,-483.22,2026-01-22 17:00:10,2026-01-22 17:22:57,-483.22,Unknown STRAT,22.783333333333335,30914.510000000006,130914.51000000001,-1.6405199999999893
2026.01.22 17:00:10,1423520146,XAUUSD,sell,0.37,4 877.45,4 891.00,4 843.43,2026.01.22 17:22:57,4 890.47,-2.6,0.0,-481.74,2026-01-22 17:00:10,2026-01-22 17:22:57,-481.74,Unknown STRAT,22.783333333333335,30432.770000000004,130432.77,-2.122259999999995
2026.01.22 17:40:13,1423623841,XAUUSD,buy,0.62,4 894.01,4 885.50,4 913.92,2026.01.22 18:10:43,4 914.17,-4.34,0.0,1 249.92,2026-01-22 17:40:13,2026-01-22 18:10:43,1249.92,Unknown STRAT,30.5,31682.690000000002,131682.69,-0.8723399999999965
2026.01.22 17:40:13,1423623888,XAUUSD,buy,0.59,4 894.04,4 885.50,4 915.29,2026.01.22 18:38:41,4 915.45,-4.14,0.0,1 263.19,2026-01-22 17:40:13,2026-01-22 18:38:41,1263.19,Unknown STRAT,58.46666666666667,32945.880000000005,132945.88,-0.0
2026.01.22 18:20:10,1423721021,XAUUSD,buy,0.82,4 912.80,4 906.50,4 927.74,2026.01.22 19:49:20,4 906.32,-5.74,0.0,-531.36,2026-01-22 18:20:10,2026-01-22 19:49:20,-531.36,Unknown STRAT,89.16666666666667,32414.520000000004,132414.52000000002,-0.5313599999999861
2026.01.22 18:20:10,1423721011,XAUUSD,buy,0.82,4 912.57,4 906.50,4 927.74,2026.01.22 19:49:20,4 906.32,-5.74,0.0,-512.5,2026-01-22 18:20:10,2026-01-22 19:49:20,-512.5,Unknown STRAT,89.16666666666667,31902.020000000004,131902.02000000002,-1.043859999999986
2026.01.22 18:40:09,1423758533,XAUUSD,sell,1.3,4 914.09,4 918.00,4 904.52,2026.01.22 18:52:41,4 917.83,-9.1,0.0,-486.2,2026-01-22 18:40:09,2026-01-22 18:52:41,-486.2,Unknown STRAT,12.533333333333333,31415.820000000003,131415.82,-1.5300599999999978
2026.01.22 19:00:10,1423793441,XAUUSD,sell,4.17,4 916.76,4 918.00,4 913.80,2026.01.22 19:00:26,4 918.03,-29.2,0.0,-529.59,2026-01-22 19:00:10,2026-01-22 19:00:26,-529.59,Unknown STRAT,0.26666666666666666,30886.230000000003,130886.23000000001,-2.059649999999994
2026.01.22 20:20:10,1423930535,XAUUSD,buy,0.22,4 926.53,4 904.00,4 982.85,2026.01.22 23:06:01,4 951.48,-1.54,-12.71,548.9,2026-01-22 20:20:10,2026-01-22 23:06:01,548.9,Unknown STRAT,165.85,31435.130000000005,131435.13,-1.51075
2026.01.22 20:20:10,1423930550,XAUUSD,buy,0.22,4 926.58,4 904.00,4 982.85,2026.01.22 23:20:10,4 941.86,-1.54,-12.71,336.16,2026-01-22 20:20:10,2026-01-22 23:20:10,336.16,Unknown STRAT,180.0,31771.290000000005,131771.29,-1.1745899999999965
2026.01.22 20:20:11,1423930568,XAUUSD,buy,0.22,4 926.44,4 904.00,4 982.89,2026.01.22 23:20:10,4 941.86,-1.54,-12.71,339.24,2026-01-22 20:20:11,2026-01-22 23:20:10,339.24,Unknown STRAT,179.98333333333332,32110.530000000006,132110.53,-0.8353500000000059
2026.01.23 00:00:10,1424170124,XAUUSD,buy,0.14,4 958.60,4 924.00,5 044.99,2026.01.23 03:00:09,4 956.12,-0.98,0.0,-34.72,2026-01-23 00:00:10,2026-01-23 03:00:09,-34.72,Unknown STRAT,179.98333333333332,32075.810000000005,132075.81,-0.870070000000007
2026.01.23 00:00:10,1424170135,XAUUSD,buy,0.14,4 958.60,4 924.00,5 045.10,2026.01.23 03:00:10,4 956.25,-0.98,0.0,-32.9,2026-01-23 00:00:10,2026-01-23 03:00:10,-32.9,Unknown STRAT,180.0,32042.910000000003,132042.91,-0.9029700000000012
2026.01.23 00:00:11,1424170145,XAUUSD,buy,0.14,4 958.60,4 924.00,5 045.10,2026.01.23 03:00:10,4 956.64,-0.98,0.0,-27.44,2026-01-23 00:00:11,2026-01-23 03:00:10,-27.44,Unknown STRAT,179.98333333333332,32015.470000000005,132015.47,-0.9304100000000035
2026.01.23 06:20:10,1424634836,XAUUSD,sell,2.37,4 954.88,4 957.00,4 949.62,2026.01.23 06:22:59,4 957.44,-16.6,0.0,-606.72,2026-01-23 06:20:10,2026-01-23 06:22:59,-606.72,Unknown STRAT,2.816666666666667,31408.750000000004,131408.75,-1.5371300000000045
2026.01.23 07:00:10,1424690164,XAUUSD,buy,0.5,4 953.09,4 943.00,4 977.82,2026.01.23 08:00:01,4 942.83,-3.5,0.0,-513,2026-01-23 07:00:10,2026-01-23 08:00:01,-513.0,Unknown STRAT,59.85,30895.750000000004,130895.75,-2.0501300000000047
2026.01.23 07:00:11,1424690207,XAUUSD,buy,0.5,4 953.03,4 943.00,4 978.00,2026.01.23 08:00:01,4 942.83,-3.5,0.0,-510,2026-01-23 07:00:11,2026-01-23 08:00:01,-510.0,Unknown STRAT,59.833333333333336,30385.750000000004,130385.75,-2.5601300000000045
2026.01.23 07:00:11,1424690255,XAUUSD,buy,0.5,4 952.92,4 943.00,4 978.10,2026.01.23 08:00:01,4 942.83,-3.5,0.0,-504.5,2026-01-23 07:00:11,2026-01-23 08:00:01,-504.5,Unknown STRAT,59.833333333333336,29881.250000000004,129881.25,-3.0646300000000046
2026.01.23 14:40:10,1425517811,XAUUSD,buy,0.46,4 944.81,4 933.50,4 971.79,2026.01.23 16:09:47,4 971.81,-3.22,0.0,1 242.00,2026-01-23 14:40:10,2026-01-23 16:09:47,1242.0,Unknown STRAT,89.61666666666666,31123.250000000004,131123.25,-1.8226300000000046
2026.01.23 14:40:10,1425517826,XAUUSD,buy,0.44,4 945.25,4 933.50,4 973.43,2026.01.23 16:09:49,4 973.72,-3.08,0.0,1 252.68,2026-01-23 14:40:10,2026-01-23 16:09:49,1252.68,Unknown STRAT,89.65,32375.930000000004,132375.93,-0.5699500000000117
2026.01.23 21:20:09,1426364991,XAUUSD,sell,0.77,4 979.52,4 986.00,4 963.32,2026.01.23 21:53:00,4 986.02,-5.4,0.0,-500.5,2026-01-23 21:20:09,2026-01-23 21:53:00,-500.5,Unknown STRAT,32.85,31875.430000000004,131875.43,-1.0704500000000117
2026.01.23 21:20:10,1426365000,XAUUSD,sell,0.77,4 979.52,4 986.00,4 963.32,2026.01.23 21:53:00,4 986.02,-5.4,0.0,-500.5,2026-01-23 21:20:10,2026-01-23 21:53:00,-500.5,Unknown STRAT,32.833333333333336,31374.930000000004,131374.93,-1.5709500000000116
2026.01.26 00:00:09,1427159507,XAUUSD,buy,0.51,5 039.77,5 030.00,5 064.62,2026.01.26 01:01:50,5 029.52,-3.58,0.0,-522.75,2026-01-26 00:00:09,2026-01-26 01:01:50,-522.75,Unknown STRAT,61.68333333333333,30852.180000000004,130852.18000000001,-2.093699999999997
2026.01.26 00:00:09,1427159542,XAUUSD,buy,0.51,5 039.99,5 030.00,5 064.20,2026.01.26 01:01:50,5 029.52,-3.58,0.0,-533.97,2026-01-26 00:00:09,2026-01-26 01:01:50,-533.97,Unknown STRAT,61.68333333333333,30318.210000000003,130318.21,-2.6276699999999984
2026.01.26 01:20:09,1427305470,XAUUSD,buy,0.44,5 062.90,5 051.50,5 091.68,2026.01.26 02:31:05,5 091.88,-3.08,0.0,1 275.12,2026-01-26 01:20:09,2026-01-26 02:31:05,1275.12,Unknown STRAT,70.93333333333334,31593.33,131593.33000000002,-1.3525499999999884
2026.01.26 01:40:09,1427350901,XAUUSD,buy,0.62,5 077.04,5 069.00,5 097.21,2026.01.26 01:51:40,5 068.97,-4.34,0.0,-500.34,2026-01-26 01:40:09,2026-01-26 01:51:40,-500.34,Unknown STRAT,11.516666666666667,31092.99,131092.99,-1.852890000000014
2026.01.26 01:40:10,1427350913,XAUUSD,buy,0.62,5 077.08,5 069.00,5 097.14,2026.01.26 01:51:40,5 068.97,-4.34,0.0,-502.82,2026-01-26 01:40:10,2026-01-26 01:51:40,-502.82,Unknown STRAT,11.5,30590.170000000002,130590.17,-2.3557100000000064
2026.01.26 02:20:09,1427422205,XAUUSD,buy,0.39,5 077.50,5 065.00,5 109.52,2026.01.26 04:32:33,5 065.22,-2.74,0.0,-478.92,2026-01-26 02:20:09,2026-01-26 04:32:33,-478.92,Unknown STRAT,132.4,30111.250000000004,130111.25,-2.8346300000000046
2026.01.26 02:20:09,1427422211,XAUUSD,buy,0.4,5 077.44,5 065.00,5 108.75,2026.01.26 04:32:33,5 065.22,-2.8,0.0,-488.8,2026-01-26 02:20:09,2026-01-26 04:32:33,-488.8,Unknown STRAT,132.4,29622.450000000004,129622.45000000001,-3.323429999999993
2026.01.26 06:20:09,1427774385,XAUUSD,sell,0.64,5 070.51,5 078.50,5 051.13,2026.01.26 06:32:30,5 079.10,-4.48,0.0,-549.76,2026-01-26 06:20:09,2026-01-26 06:32:30,-549.76,Unknown STRAT,12.35,29072.690000000006,129072.69,-3.873190000000002
2026.01.26 06:20:10,1427774391,XAUUSD,sell,0.63,5 070.49,5 078.50,5 050.60,2026.01.26 06:32:30,5 079.10,-4.42,0.0,-542.43,2026-01-26 06:20:10,2026-01-26 06:32:30,-542.43,Unknown STRAT,12.333333333333334,28530.260000000006,128530.26000000001,-4.415619999999995
2026.01.26 06:20:10,1427774397,XAUUSD,sell,0.62,5 070.51,5 078.50,5 050.46,2026.01.26 06:32:30,5 079.10,-4.34,0.0,-532.58,2026-01-26 06:20:10,2026-01-26 06:32:30,-532.58,Unknown STRAT,12.333333333333334,27997.680000000004,127997.68000000001,-4.948199999999997
2026.01.26 09:00:10,1428053334,XAUUSD,sell,0.35,5 086.16,5 100.50,5 050.35,2026.01.26 12:00:10,5 090.26,-2.46,0.0,-143.5,2026-01-26 09:00:10,2026-01-26 12:00:10,-143.5,Unknown STRAT,180.0,27854.180000000004,127854.18000000001,-5.091699999999997
2026.01.26 09:00:10,1428053392,XAUUSD,sell,0.35,5 086.20,5 100.50,5 050.31,2026.01.26 12:00:10,5 090.28,-2.46,0.0,-142.8,2026-01-26 09:00:10,2026-01-26 12:00:10,-142.8,Unknown STRAT,180.0,27711.380000000005,127711.38,-5.234500000000001
2026.01.26 09:00:10,1428053449,XAUUSD,sell,0.35,5 086.16,5 100.50,5 050.45,2026.01.26 12:00:11,5 090.44,-2.46,0.0,-149.8,2026-01-26 09:00:10,2026-01-26 12:00:11,-149.8,Unknown STRAT,180.01666666666668,27561.580000000005,127561.58,-5.384300000000003
2026.01.26 12:40:10,1428415875,XAUUSD,sell,2.29,5 085.32,5 087.50,5 079.87,2026.01.26 12:41:03,5 087.76,-16.04,0.0,-558.76,2026-01-26 12:40:10,2026-01-26 12:41:03,-558.76,Unknown STRAT,0.8833333333333333,27002.820000000007,127002.82,-5.943059999999998
2026.01.26 14:40:09,1428748442,XAUUSD,buy,0.57,5 090.92,5 082.00,5 112.49,2026.01.26 14:41:47,5 081.96,-4.0,0.0,-510.72,2026-01-26 14:40:09,2026-01-26 14:41:47,-510.72,Unknown STRAT,1.6333333333333333,26492.100000000006,126492.1,-6.453779999999999
2026.01.26 15:00:10,1428822940,XAUUSD,sell,0.78,5 095.32,5 102.00,5 079.60,2026.01.26 15:34:48,5 079.17,-5.46,0.0,1 259.70,2026-01-26 15:00:10,2026-01-26 15:34:48,1259.7,Unknown STRAT,34.63333333333333,27751.800000000007,127751.8,-5.194080000000001
2026.01.26 15:20:10,1428890454,XAUUSD,sell,0.4,5 089.59,5 102.00,5 058.57,2026.01.26 16:04:18,5 102.08,-2.8,0.0,-499.6,2026-01-26 15:20:10,2026-01-26 16:04:18,-499.6,Unknown STRAT,44.13333333333333,27252.200000000008,127252.20000000001,-5.693679999999993
2026.01.26 15:20:10,1428890488,XAUUSD,sell,0.4,5 089.61,5 102.00,5 058.57,2026.01.26 16:04:18,5 102.08,-2.8,0.0,-498.8,2026-01-26 15:20:10,2026-01-26 16:04:18,-498.8,Unknown STRAT,44.13333333333333,26753.40000000001,126753.40000000001,-6.192479999999996
2026.01.26 15:40:09,1428962570,XAUUSD,sell,0.23,5 080.60,5 102.00,5 027.24,2026.01.26 16:04:18,5 102.08,-1.62,0.0,-494.04,2026-01-26 15:40:09,2026-01-26 16:04:18,-494.04,Unknown STRAT,24.15,26259.360000000008,126259.36000000002,-6.686519999999989
2026.01.26 16:20:10,1429089257,XAUUSD,sell,1.03,5 097.10,5 102.00,5 084.95,2026.01.26 16:27:56,5 084.76,-7.22,0.0,1 271.02,2026-01-26 16:20:10,2026-01-26 16:27:56,1271.02,Unknown STRAT,7.766666666666667,27530.38000000001,127530.38,-5.4155
2026.01.26 16:20:10,1429089281,XAUUSD,sell,1.06,5 097.31,5 102.00,5 085.55,2026.01.26 16:27:56,5 084.76,-7.42,0.0,1 330.30,2026-01-26 16:20:10,2026-01-26 16:27:56,1330.3,Unknown STRAT,7.766666666666667,28860.680000000008,128860.68000000001,-4.085199999999997
2026.01.26 16:40:10,1429155842,XAUUSD,sell,0.23,5 069.00,5 090.50,5 015.29,2026.01.26 16:55:36,5 090.35,-1.62,0.0,-491.05,2026-01-26 16:40:10,2026-01-26 16:55:36,-491.05,Unknown STRAT,15.433333333333334,28369.63000000001,128369.63,-4.57625
2026.01.26 16:40:10,1429155853,XAUUSD,sell,0.23,5 068.86,5 090.50,5 015.25,2026.01.26 16:55:36,5 090.35,-1.62,0.0,-494.27,2026-01-26 16:40:10,2026-01-26 16:55:36,-494.27,Unknown STRAT,15.433333333333334,27875.360000000008,127875.36000000002,-5.0705199999999895
2026.01.26 17:00:10,1429205817,XAUUSD,buy,0.18,5 090.48,5 062.00,5 161.57,2026.01.26 18:41:39,5 061.73,-1.26,0.0,-517.5,2026-01-26 17:00:10,2026-01-26 18:41:39,-517.5,Unknown STRAT,101.48333333333333,27357.860000000008,127357.86000000002,-5.5880199999999896
2026.01.26 17:00:12,1429205858,XAUUSD,buy,0.18,5 090.59,5 062.00,5 161.68,2026.01.26 18:41:39,5 061.73,-1.26,0.0,-519.48,2026-01-26 17:00:12,2026-01-26 18:41:39,-519.48,Unknown STRAT,101.45,26838.38000000001,126838.38,-6.1075
2026.01.26 17:00:13,1429206042,XAUUSD,buy,0.17,5 091.19,5 062.00,5 164.80,2026.01.26 18:41:39,5 061.73,-1.2,0.0,-500.82,2026-01-26 17:00:13,2026-01-26 18:41:39,-500.82,Unknown STRAT,101.43333333333334,26337.56000000001,126337.56000000001,-6.608319999999993
2026.01.26 19:00:09,1429495155,XAUUSD,buy,1.11,5 066.42,5 062.00,5 077.79,2026.01.26 19:01:28,5 061.74,-7.78,0.0,-519.48,2026-01-26 19:00:09,2026-01-26 19:01:28,-519.48,Unknown STRAT,1.3166666666666667,25818.08000000001,125818.08000000002,-7.127799999999988
2026.01.26 19:00:11,1429495226,XAUUSD,buy,1.13,5 066.79,5 062.00,5 077.47,2026.01.26 19:01:28,5 061.74,-7.92,0.0,-570.65,2026-01-26 19:00:11,2026-01-26 19:01:28,-570.65,Unknown STRAT,1.2833333333333334,25247.430000000008,125247.43000000001,-7.698449999999997
2026.01.26 21:20:11,1429854620,XAUUSD,sell,0.14,5 028.66,5 064.50,4 938.15,2026.01.27 00:20:09,5 050.24,-0.98,7.37,-302.12,2026-01-26 21:20:11,2026-01-27 00:20:09,-302.12,Unknown STRAT,179.96666666666667,24945.31000000001,124945.31000000001,-8.000569999999993
2026.01.26 21:20:11,1429854678,XAUUSD,sell,0.14,5 028.13,5 064.50,4 936.40,2026.01.27 00:20:09,5 050.21,-0.98,7.37,-309.12,2026-01-26 21:20:11,2026-01-27 00:20:09,-309.12,Unknown STRAT,179.96666666666667,24636.19000000001,124636.19,-8.309690000000003
2026.01.26 21:20:11,1429854695,XAUUSD,sell,0.14,5 028.11,5 064.50,4 937.20,2026.01.27 00:20:10,5 050.24,-0.98,7.37,-309.82,2026-01-26 21:20:11,2026-01-27 00:20:10,-309.82,Unknown STRAT,179.98333333333332,24326.37000000001,124326.37000000001,-8.619509999999995
2026.01.27 07:20:09,1430678245,XAUUSD,sell,0.47,5 086.24,5 097.00,5 059.51,2026.01.27 07:32:22,5 096.83,-3.3,0.0,-497.73,2026-01-27 07:20:09,2026-01-27 07:32:22,-497.73,Unknown STRAT,12.216666666666667,23828.64000000001,123828.64000000001,-9.11723999999999
2026.01.27 07:20:10,1430678260,XAUUSD,sell,0.46,5 086.23,5 097.00,5 059.30,2026.01.27 07:32:22,5 096.83,-3.22,0.0,-487.6,2026-01-27 07:20:10,2026-01-27 07:32:22,-487.6,Unknown STRAT,12.2,23341.04000000001,123341.04000000001,-9.604839999999996
2026.01.27 09:40:10,1430901349,XAUUSD,buy,0.54,5 092.33,5 083.00,5 115.48,2026.01.27 09:46:04,5 083.10,-3.78,0.0,-498.42,2026-01-27 09:40:10,2026-01-27 09:46:04,-498.42,Unknown STRAT,5.9,22842.620000000014,122842.62000000001,-10.103259999999995
2026.01.27 09:40:10,1430901333,XAUUSD,buy,0.53,5 092.26,5 083.00,5 115.76,2026.01.27 09:46:04,5 083.10,-3.72,0.0,-485.48,2026-01-27 09:40:10,2026-01-27 09:46:04,-485.48,Unknown STRAT,5.9,22357.140000000014,122357.14000000001,-10.58873999999999
2026.01.27 09:40:11,1430901362,XAUUSD,buy,0.54,5 092.31,5 083.00,5 115.59,2026.01.27 09:46:04,5 083.10,-3.78,0.0,-497.34,2026-01-27 09:40:11,2026-01-27 09:46:04,-497.34,Unknown STRAT,5.883333333333334,21859.800000000014,121859.80000000002,-11.086079999999987
2026.01.27 10:40:10,1431012167,XAUUSD,buy,0.7,5 089.21,5 082.00,5 107.10,2026.01.27 10:46:48,5 081.98,-4.9,0.0,-506.1,2026-01-27 10:40:10,2026-01-27 10:46:48,-506.1,Unknown STRAT,6.633333333333334,21353.700000000015,121353.70000000001,-11.592179999999994
2026.01.27 11:00:10,1431037803,XAUUSD,sell,2.23,5 086.26,5 088.50,5 080.66,2026.01.27 11:09:09,5 089.14,-15.62,0.0,-642.24,2026-01-27 11:00:10,2026-01-27 11:09:09,-642.24,Unknown STRAT,8.983333333333333,20711.460000000014,120711.46000000002,-12.234419999999984
2026.01.27 11:00:10,1431037826,XAUUSD,sell,2.23,5 086.28,5 088.50,5 080.66,2026.01.27 11:09:09,5 089.14,-15.62,0.0,-637.78,2026-01-27 11:00:10,2026-01-27 11:09:09,-637.78,Unknown STRAT,8.983333333333333,20073.680000000015,120073.68000000002,-12.872199999999983
2026.01.27 12:40:10,1431200378,XAUUSD,buy,3.13,5 086.16,5 084.50,5 090.10,2026.01.27 12:42:56,5 090.11,-21.92,0.0,1 236.35,2026-01-27 12:40:10,2026-01-27 12:42:56,1236.35,Unknown STRAT,2.7666666666666666,21310.030000000013,121310.03000000001,-11.63584999999999
2026.01.27 14:20:09,1431440104,XAUUSD,sell,0.17,5 055.86,5 086.00,4 981.49,2026.01.27 15:38:31,5 086.90,-1.2,0.0,-527.68,2026-01-27 14:20:09,2026-01-27 15:38:31,-527.68,Unknown STRAT,78.36666666666666,20782.350000000013,120782.35,-12.163529999999998
2026.01.27 14:20:10,1431440122,XAUUSD,sell,0.17,5 055.50,5 086.00,4 980.51,2026.01.27 15:38:31,5 086.90,-1.2,0.0,-533.8,2026-01-27 14:20:10,2026-01-27 15:38:31,-533.8,Unknown STRAT,78.35,20248.550000000014,120248.55000000002,-12.697329999999987
2026.01.27 14:20:11,1431440155,XAUUSD,sell,0.16,5 055.30,5 086.00,4 979.25,2026.01.27 15:38:31,5 086.90,-1.12,0.0,-505.6,2026-01-27 14:20:11,2026-01-27 15:38:31,-505.6,Unknown STRAT,78.33333333333333,19742.950000000015,119742.95000000001,-13.202929999999993
2026.01.27 16:40:19,1431901904,XAUUSD,sell,0.35,5 091.98,5 106.00,5 056.16,2026.01.27 19:40:17,5 091.06,-2.46,0.0,32.2,2026-01-27 16:40:19,2026-01-27 19:40:17,32.2,Unknown STRAT,179.96666666666667,19775.150000000016,119775.15000000002,-13.170729999999981
2026.01.27 16:40:20,1431901930,XAUUSD,sell,0.36,5 091.58,5 106.00,5 056.93,2026.01.27 19:40:18,5 091.09,-2.52,0.0,17.64,2026-01-27 16:40:20,2026-01-27 19:40:18,17.64,Unknown STRAT,179.96666666666667,19792.790000000015,119792.79000000001,-13.153089999999997
2026.01.27 18:20:10,1432144121,XAUUSD,buy,0.63,5 082.39,5 074.50,5 102.29,2026.01.27 20:03:01,5 103.61,-4.42,0.0,1 336.86,2026-01-27 18:20:10,2026-01-27 20:03:01,1336.86,Unknown STRAT,102.85,21129.650000000016,121129.65000000002,-11.816229999999981
2026.01.27 20:20:10,1432376390,XAUUSD,buy,0.14,5 140.39,5 105.50,5 227.30,2026.01.27 23:20:09,5 166.79,-0.98,-8.6,369.6,2026-01-27 20:20:10,2026-01-27 23:20:09,369.6,Unknown STRAT,179.98333333333332,21499.250000000015,121499.25000000001,-11.44662999999999
2026.01.27 20:20:11,1432376471,XAUUSD,buy,0.14,5 142.39,5 105.50,5 227.62,2026.01.27 23:20:10,5 167.09,-0.98,-8.6,345.8,2026-01-27 20:20:11,2026-01-27 23:20:10,345.8,Unknown STRAT,179.98333333333332,21845.050000000014,121845.05000000002,-11.100829999999986
2026.01.27 23:20:09,1432690324,XAUUSD,sell,0.33,5 167.17,5 182.00,5 128.76,2026.01.28 01:03:29,5 182.39,-2.32,0.0,-502.26,2026-01-27 23:20:09,2026-01-28 01:03:29,-502.26,Unknown STRAT,103.33333333333333,21342.790000000015,121342.79000000001,-11.603089999999996
2026.01.27 23:20:10,1432690335,XAUUSD,sell,0.34,5 167.08,5 182.00,5 129.82,2026.01.28 01:03:29,5 182.39,-2.38,0.0,-520.54,2026-01-27 23:20:10,2026-01-28 01:03:29,-520.54,Unknown STRAT,103.31666666666666,20822.250000000015,120822.25000000001,-12.12362999999999
2026.01.28 00:00:10,1432748114,XAUUSD,buy,0.36,5 173.20,5 159.00,5 208.10,2026.01.28 00:05:11,5 158.78,-2.52,0.0,-519.12,2026-01-28 00:00:10,2026-01-28 00:05:11,-519.12,Unknown STRAT,5.016666666666667,20303.130000000016,120303.13000000002,-12.642749999999985
2026.01.28 01:20:09,1432888394,XAUUSD,buy,0.99,5 184.14,5 179.00,5 196.71,2026.01.28 01:36:52,5 196.77,-6.94,0.0,1 250.37,2026-01-28 01:20:09,2026-01-28 01:36:52,1250.37,Unknown STRAT,16.716666666666665,21553.500000000015,121553.50000000001,-11.392379999999989
2026.01.28 01:20:10,1432888421,XAUUSD,buy,0.97,5 183.98,5 179.00,5 196.99,2026.01.28 01:36:52,5 196.77,-6.8,0.0,1 240.63,2026-01-28 01:20:10,2026-01-28 01:36:52,1240.63,Unknown STRAT,16.7,22794.130000000016,122794.13000000002,-10.151749999999986
2026.01.28 01:40:10,1432928410,XAUUSD,buy,0.67,5 201.89,5 194.00,5 220.21,2026.01.28 01:45:29,5 220.26,-4.7,0.0,1 230.79,2026-01-28 01:40:10,2026-01-28 01:45:29,1230.79,Unknown STRAT,5.316666666666666,24024.920000000016,124024.92000000001,-8.920959999999992
2026.01.28 02:40:10,1433042916,XAUUSD,buy,1.31,5 222.60,5 219.00,5 232.34,2026.01.28 02:54:48,5 232.42,-9.18,0.0,1 286.42,2026-01-28 02:40:10,2026-01-28 02:54:48,1286.42,Unknown STRAT,14.633333333333333,25311.34000000002,125311.34000000003,-7.634539999999978
2026.01.28 02:40:10,1433042903,XAUUSD,buy,1.44,5 222.81,5 219.00,5 231.15,2026.01.28 02:54:07,5 231.10,-10.08,0.0,1 193.76,2026-01-28 02:40:10,2026-01-28 02:54:07,1193.76,Unknown STRAT,13.95,26505.100000000017,126505.10000000002,-6.440779999999985
2026.01.28 03:20:09,1433107626,XAUUSD,buy,5.49,5 239.90,5 239.00,5 242.18,2026.01.28 03:20:31,5 242.85,-38.44,0.0,1 619.55,2026-01-28 03:20:09,2026-01-28 03:20:31,1619.55,Unknown STRAT,0.36666666666666664,28124.650000000016,128124.65000000002,-4.821229999999981
2026.01.28 05:40:10,1433318671,XAUUSD,buy,17.86,5 259.47,5 259.00,5 259.98,2026.01.28 05:40:12,5 260.75,-125.02,0.0,2 286.08,2026-01-28 05:40:10,2026-01-28 05:40:12,2286.08,Unknown STRAT,0.03333333333333333,30410.730000000018,130410.73000000001,-2.5351499999999945
2026.01.28 06:00:10,1433352009,XAUUSD,buy,31.25,5 261.22,5 261.00,5 261.56,2026.01.28 06:00:13,5 261.20,-218.76,0.0,-62.5,2026-01-28 06:00:10,2026-01-28 06:00:13,-62.5,Unknown STRAT,0.05,30348.230000000018,130348.23000000001,-2.597649999999994
2026.01.28 06:00:10,1433352046,XAUUSD,buy,22.73,5 261.22,5 261.00,5 261.77,2026.01.28 06:00:18,5 261.95,-159.12,0.0,1 659.29,2026-01-28 06:00:10,2026-01-28 06:00:18,1659.29,Unknown STRAT,0.13333333333333333,32007.52000000002,132007.52000000002,-0.938359999999986
2026.01.28 07:00:10,1433442406,XAUUSD,buy,0.23,5 268.55,5 247.00,5 322.81,2026.01.28 10:00:10,5 279.13,-1.62,0.0,243.34,2026-01-28 07:00:10,2026-01-28 10:00:10,243.34,Unknown STRAT,180.0,32250.86000000002,132250.86000000002,-0.6950199999999895
2026.01.28 07:00:10,1433443338,XAUUSD,buy,0.23,5 268.54,5 247.00,5 322.04,2026.01.28 10:00:10,5 279.13,-1.62,0.0,243.57,2026-01-28 07:00:10,2026-01-28 10:00:10,243.57,Unknown STRAT,180.0,32494.43000000002,132494.43000000002,-0.45144999999998253
2026.01.28 08:20:10,1433603529,XAUUSD,sell,1.53,5 291.92,5 296.00,5 284.59,2026.01.28 08:25:52,5 296.00,-10.72,0.0,-624.24,2026-01-28 08:20:10,2026-01-28 08:25:52,-624.24,Unknown STRAT,5.7,31870.190000000017,131870.19,-1.0756900000000025
2026.01.28 10:40:10,1433888672,XAUUSD,buy,1.56,5 272.41,5 269.00,5 280.24,2026.01.28 10:54:56,5 280.42,-10.92,0.0,1 249.56,2026-01-28 10:40:10,2026-01-28 10:54:56,1249.56,Unknown STRAT,14.766666666666667,33119.750000000015,133119.75,-0.0
2026.01.28 12:20:10,1434093329,XAUUSD,buy,0.46,5 261.59,5 250.50,5 288.37,2026.01.28 13:04:26,5 288.40,-3.22,0.0,1 233.26,2026-01-28 12:20:10,2026-01-28 13:04:26,1233.26,Unknown STRAT,44.266666666666666,34353.01000000002,134353.01,-0.0
2026.01.28 12:20:10,1434093312,XAUUSD,buy,0.46,5 261.32,5 250.50,5 288.34,2026.01.28 13:04:26,5 288.67,-3.22,0.0,1 258.10,2026-01-28 12:20:10,2026-01-28 13:04:26,1258.1,Unknown STRAT,44.266666666666666,35611.110000000015,135611.11000000002,-0.0
2026.01.28 13:00:10,1434165213,XAUUSD,buy,0.24,5 278.06,5 257.50,5 329.11,2026.01.28 13:45:16,5 257.32,-1.68,0.0,-497.76,2026-01-28 13:00:10,2026-01-28 13:45:16,-497.76,Unknown STRAT,45.1,35113.35000000001,135113.35,-0.4977600000000093
2026.01.28 20:40:09,1435527699,XAUUSD,buy,0.16,5 379.59,5 349.00,5 456.76,2026.01.28 23:08:32,5 456.14,-1.12,-30.93,1 224.80,2026-01-28 20:40:09,2026-01-28 23:08:32,1224.8,Unknown STRAT,148.38333333333333,36338.150000000016,136338.15000000002,-0.0
2026.01.28 20:40:10,1435527766,XAUUSD,buy,0.16,5 380.00,5 349.00,5 456.07,2026.01.28 23:08:31,5 456.02,-1.12,-30.93,1 216.32,2026-01-28 20:40:10,2026-01-28 23:08:31,1216.32,Unknown STRAT,148.35,37554.470000000016,137554.47000000003,-0.0
2026.01.28 21:00:09,1435588134,XAUUSD,buy,1.36,5 382.40,5 379.00,5 391.85,2026.01.28 21:06:51,5 391.26,-9.52,0.0,1 204.96,2026-01-28 21:00:09,2026-01-28 21:06:51,1204.96,Unknown STRAT,6.7,38759.430000000015,138759.43000000002,-0.0
2026.01.28 23:20:09,1435752452,XAUUSD,buy,0.07,5 492.86,5 424.00,5 663.37,2026.01.29 02:20:09,5 516.78,-0.5,0.0,167.44,2026-01-28 23:20:09,2026-01-29 02:20:09,167.44,Unknown STRAT,180.0,38926.87000000002,138926.87000000002,-0.0
2026.01.28 23:20:10,1435752473,XAUUSD,buy,0.07,5 492.51,5 424.00,5 665.15,2026.01.29 02:20:10,5 517.00,-0.5,0.0,171.43,2026-01-28 23:20:10,2026-01-29 02:20:10,171.43,Unknown STRAT,180.0,39098.30000000002,139098.30000000002,-0.0
2026.01.28 23:40:10,1435829672,XAUUSD,buy,0.06,5 579.11,5 499.00,5 776.20,2026.01.28 23:49:43,5 498.45,-0.42,0.0,-483.96,2026-01-28 23:40:10,2026-01-28 23:49:43,-483.96,Unknown STRAT,9.55,38614.34000000002,138614.34000000003,-0.4839599999999919
2026.01.29 04:40:10,1436456749,XAUUSD,buy,0.16,5 561.43,5 529.50,5 641.40,2026.01.29 05:21:41,5 529.00,-1.12,0.0,-518.88,2026-01-29 04:40:10,2026-01-29 05:21:41,-518.88,Unknown STRAT,41.516666666666666,38095.46000000002,138095.46000000002,-1.0028399999999964
2026.01.29 04:40:10,1436456755,XAUUSD,buy,0.16,5 561.60,5 529.50,5 641.26,2026.01.29 05:21:41,5 529.00,-1.12,0.0,-521.6,2026-01-29 04:40:10,2026-01-29 05:21:41,-521.6,Unknown STRAT,41.516666666666666,37573.86000000002,137573.86000000002,-1.5244400000000022
2026.01.29 04:40:10,1436456742,XAUUSD,buy,0.16,5 561.47,5 529.50,5 641.22,2026.01.29 05:21:41,5 529.00,-1.12,0.0,-519.52,2026-01-29 04:40:10,2026-01-29 05:21:41,-519.52,Unknown STRAT,41.516666666666666,37054.340000000026,137054.34000000003,-2.043959999999992
2026.01.29 05:40:10,1436553501,XAUUSD,buy,0.38,5 554.49,5 541.50,5 587.07,2026.01.29 06:05:40,5 587.58,-2.66,0.0,1 257.42,2026-01-29 05:40:10,2026-01-29 06:05:40,1257.42,Unknown STRAT,25.5,38311.760000000024,138311.76,-0.7865400000000081
2026.01.29 05:40:10,1436553509,XAUUSD,buy,0.38,5 554.49,5 541.50,5 586.96,2026.01.29 06:05:40,5 587.58,-2.66,0.0,1 257.42,2026-01-29 05:40:10,2026-01-29 06:05:40,1257.42,Unknown STRAT,25.5,39569.18000000002,139569.18000000002,-0.0
2026.01.29 08:00:09,1436822186,XAUUSD,buy,0.59,5 548.44,5 540.00,5 569.47,2026.01.29 08:04:25,5 539.94,-4.14,0.0,-501.5,2026-01-29 08:00:09,2026-01-29 08:04:25,-501.5,Unknown STRAT,4.266666666666667,39067.68000000002,139067.68000000002,-0.5015000000000001
2026.01.29 09:00:10,1436990699,XAUUSD,buy,3.23,5 510.82,5 509.00,5 514.43,2026.01.29 09:00:34,5 508.62,-22.62,0.0,-710.6,2026-01-29 09:00:10,2026-01-29 09:00:34,-710.6,Unknown STRAT,0.4,38357.08000000002,138357.08000000002,-1.212100000000006
2026.01.29 09:00:11,1436990730,XAUUSD,buy,3.23,5 510.49,5 509.00,5 514.43,2026.01.29 09:00:34,5 508.62,-22.62,0.0,-604.01,2026-01-29 09:00:11,2026-01-29 09:00:34,-604.01,Unknown STRAT,0.38333333333333336,37753.07000000002,137753.07,-1.8161100000000152
2026.01.29 10:00:10,1437108061,XAUUSD,buy,1.75,5 513.78,5 511.00,5 521.01,2026.01.29 10:00:36,5 510.55,-12.26,0.0,-565.25,2026-01-29 10:00:10,2026-01-29 10:00:36,-565.25,Unknown STRAT,0.43333333333333335,37187.82000000002,137187.82,-2.381360000000015
2026.01.29 12:40:10,1437449815,XAUUSD,sell,0.55,5 531.94,5 541.00,5 508.94,2026.01.29 12:54:30,5 541.70,-3.86,0.0,-536.8,2026-01-29 12:40:10,2026-01-29 12:54:30,-536.8,Unknown STRAT,14.333333333333334,36651.02000000002,136651.02000000002,-2.9181600000000034
2026.01.29 13:00:10,1437496286,XAUUSD,sell,1.22,5 531.49,5 534.50,5 520.18,2026.01.29 13:00:17,5 534.76,-8.54,0.0,-398.94,2026-01-29 13:00:10,2026-01-29 13:00:17,-398.94,Unknown STRAT,0.11666666666666667,36252.080000000016,136252.08000000002,-3.317100000000006
2026.01.29 13:20:10,1437555597,XAUUSD,sell,0.15,5 509.61,5 544.50,5 428.20,2026.01.29 14:27:24,5 544.50,-1.06,0.0,-523.35,2026-01-29 13:20:10,2026-01-29 14:27:24,-523.35,Unknown STRAT,67.23333333333333,35728.73000000002,135728.73,-3.840450000000012
2026.01.29 13:20:11,1437555943,XAUUSD,sell,0.14,5 509.67,5 544.50,5 422.38,2026.01.29 14:27:24,5 544.50,-0.98,0.0,-487.62,2026-01-29 13:20:11,2026-01-29 14:27:24,-487.62,Unknown STRAT,67.21666666666667,35241.110000000015,135241.11000000002,-4.3280700000000065
2026.01.29 13:20:12,1437556025,XAUUSD,sell,0.14,5 509.38,5 544.50,5 422.60,2026.01.29 14:27:24,5 544.50,-0.98,0.0,-491.68,2026-01-29 13:20:12,2026-01-29 14:27:24,-491.68,Unknown STRAT,67.2,34749.430000000015,134749.43000000002,-4.81975
2026.01.29 15:00:10,1437933689,XAUUSD,sell,0.09,5 483.47,5 539.50,5 345.46,2026.01.29 15:16:17,5 344.16,-0.64,0.0,1 253.79,2026-01-29 15:00:10,2026-01-29 15:16:17,1253.79,Unknown STRAT,16.116666666666667,36003.220000000016,136003.22000000003,-3.5659599999999916
2026.01.29 15:00:10,1437933770,XAUUSD,sell,0.09,5 484.78,5 539.50,5 342.84,2026.01.29 15:16:18,5 336.68,-0.64,0.0,1 332.90,2026-01-29 15:00:10,2026-01-29 15:16:18,1332.9,Unknown STRAT,16.133333333333333,37336.12000000002,137336.12000000002,-2.233059999999998
2026.01.29 15:00:11,1437933893,XAUUSD,sell,0.09,5 485.24,5 539.50,5 347.98,2026.01.29 15:15:36,5 350.34,-0.64,0.0,1 214.10,2026-01-29 15:00:11,2026-01-29 15:15:36,1214.1,Unknown STRAT,15.416666666666666,38550.220000000016,138550.22000000003,-1.0189599999999919
2026.01.29 15:20:10,1438103169,XAUUSD,sell,0.03,5 330.40,5 508.50,4 878.22,2026.01.29 18:20:09,5 354.17,-0.22,0.0,-71.31,2026-01-29 15:20:10,2026-01-29 18:20:09,-71.31,Unknown STRAT,179.98333333333332,38478.91000000002,138478.91000000003,-1.0902699999999896
2026.01.29 15:20:12,1438103232,XAUUSD,sell,0.03,5 324.55,5 508.50,4 885.15,2026.01.29 18:20:09,5 354.30,-0.22,0.0,-89.25,2026-01-29 15:20:12,2026-01-29 18:20:09,-89.25,Unknown STRAT,179.95,38389.66000000002,138389.66000000003,-1.1795199999999895
2026.01.29 15:20:12,1438103399,XAUUSD,sell,0.03,5 324.93,5 508.50,4 867.23,2026.01.29 18:20:10,5 354.48,-0.22,0.0,-88.65,2026-01-29 15:20:12,2026-01-29 18:20:10,-88.65,Unknown STRAT,179.96666666666667,38301.01000000002,138301.01,-1.2681700000000127
2026.01.29 18:40:09,1438936269,XAUUSD,sell,0.7,5 355.75,5 363.00,5 337.90,2026.01.29 18:43:00,5 337.74,-4.9,0.0,1 260.70,2026-01-29 18:40:09,2026-01-29 18:43:00,1260.7,Unknown STRAT,2.85,39561.710000000014,139561.71000000002,-0.007470000000001164
2026.01.29 19:00:15,1438987597,XAUUSD,sell,0.21,5 331.41,5 357.50,5 272.24,2026.01.29 20:44:07,5 358.04,-1.48,0.0,-559.23,2026-01-29 19:00:15,2026-01-29 20:44:07,-559.23,Unknown STRAT,103.86666666666666,39002.48000000001,139002.48,-0.5667000000000116
2026.01.29 19:00:16,1438987890,XAUUSD,sell,0.2,5 331.99,5 357.50,5 268.04,2026.01.29 20:44:07,5 358.04,-1.4,0.0,-521,2026-01-29 19:00:16,2026-01-29 20:44:07,-521.0,Unknown STRAT,103.85,38481.48000000001,138481.48,-1.0877000000000117
2026.01.29 19:20:10,1439047020,XAUUSD,sell,0.16,5 320.78,5 350.50,5 243.54,2026.01.29 20:42:14,5 350.57,-1.12,0.0,-476.64,2026-01-29 19:20:10,2026-01-29 20:42:14,-476.64,Unknown STRAT,82.06666666666666,38004.84000000001,138004.84000000003,-1.5643399999999963
2026.01.29 21:20:10,1439323702,XAUUSD,sell,2.02,5 395.03,5 397.50,5 388.85,2026.01.29 21:22:57,5 397.67,-14.14,0.0,-533.28,2026-01-29 21:20:10,2026-01-29 21:22:57,-533.28,Unknown STRAT,2.783333333333333,37471.56000000001,137471.56,-2.0976200000000245
2026.01.29 21:20:11,1439323746,XAUUSD,sell,2.02,5 395.27,5 397.50,5 388.85,2026.01.29 21:22:57,5 397.67,-14.14,0.0,-484.8,2026-01-29 21:20:11,2026-01-29 21:22:57,-484.8,Unknown STRAT,2.7666666666666666,36986.76000000001,136986.76,-2.582420000000013
2026.01.30 00:40:09,1439588552,XAUUSD,sell,0.18,5 425.04,5 453.00,5 355.21,2026.01.30 01:11:12,5 354.86,-1.26,0.0,1 263.24,2026-01-30 00:40:09,2026-01-30 01:11:12,1263.24,Unknown STRAT,31.05,38250.00000000001,138250.0,-1.319180000000022
2026.01.30 00:40:09,1439588569,XAUUSD,sell,0.18,5 425.04,5 453.00,5 355.14,2026.01.30 01:11:12,5 354.86,-1.26,0.0,1 263.24,2026-01-30 00:40:09,2026-01-30 01:11:12,1263.24,Unknown STRAT,31.05,39513.240000000005,139513.24,-0.05594000000003144
2026.01.30 00:40:13,1439588578,XAUUSD,sell,0.18,5 425.22,5 453.00,5 355.14,2026.01.30 01:11:12,5 354.86,-1.26,0.0,1 266.48,2026-01-30 00:40:13,2026-01-30 01:11:12,1266.48,Unknown STRAT,30.983333333333334,40779.72000000001,140779.72,-0.0
2026.01.30 01:20:09,1439685579,XAUUSD,sell,0.06,5 337.33,5 416.50,5 138.95,2026.01.30 02:21:17,5 138.32,-0.42,0.0,1 194.06,2026-01-30 01:20:09,2026-01-30 02:21:17,1194.06,Unknown STRAT,61.13333333333333,41973.780000000006,141973.78,-0.0
2026.01.30 01:20:09,1439685612,XAUUSD,sell,0.06,5 337.45,5 416.50,5 139.40,2026.01.30 02:21:17,5 138.32,-0.42,0.0,1 194.78,2026-01-30 01:20:09,2026-01-30 02:21:17,1194.78,Unknown STRAT,61.13333333333333,43168.560000000005,143168.56,-0.0
2026.01.30 01:20:11,1439685633,XAUUSD,sell,0.06,5 337.82,5 416.50,5 139.82,2026.01.30 02:21:17,5 138.32,-0.42,0.0,1 197.00,2026-01-30 01:20:11,2026-01-30 02:21:17,1197.0,Unknown STRAT,61.1,44365.560000000005,144365.56,-0.0
2026.01.30 03:20:09,1440039506,XAUUSD,sell,0.11,5 183.96,5 230.50,5 067.47,2026.01.30 05:16:04,5 230.50,-0.78,0.0,-511.94,2026-01-30 03:20:09,2026-01-30 05:16:04,-511.94,Unknown STRAT,115.91666666666667,43853.62,143853.62,-0.5119400000000023
2026.01.30 03:20:10,1440039520,XAUUSD,sell,0.11,5 183.94,5 230.50,5 067.61,2026.01.30 05:16:04,5 230.50,-0.78,0.0,-512.16,2026-01-30 03:20:10,2026-01-30 05:16:04,-512.16,Unknown STRAT,115.9,43341.46,143341.46,-1.0241000000000058
2026.01.30 03:20:10,1440039545,XAUUSD,sell,0.11,5 185.50,5 230.50,5 069.60,2026.01.30 05:16:04,5 230.50,-0.78,0.0,-495,2026-01-30 03:20:10,2026-01-30 05:16:04,-495.0,Unknown STRAT,115.9,42846.46,142846.46,-1.519100000000006
2026.01.30 05:40:09,1440281447,XAUUSD,sell,0.39,5 229.90,5 243.50,5 198.77,2026.01.30 05:57:22,5 198.89,-2.74,0.0,1 209.39,2026-01-30 05:40:09,2026-01-30 05:57:22,1209.39,Unknown STRAT,17.216666666666665,44055.85,144055.85,-0.3097099999999919
2026.01.30 05:40:09,1440281472,XAUUSD,sell,0.37,5 230.12,5 243.50,5 195.90,2026.01.30 05:58:18,5 195.92,-2.6,0.0,1 265.40,2026-01-30 05:40:09,2026-01-30 05:58:18,1265.4,Unknown STRAT,18.15,45321.25,145321.25,-0.0
2026.01.30 06:00:09,1440319876,XAUUSD,sell,0.09,5 182.82,5 237.50,5 046.40,2026.01.30 09:00:10,5 121.89,-0.64,0.0,548.37,2026-01-30 06:00:09,2026-01-30 09:00:10,548.37,Unknown STRAT,180.01666666666668,45869.62,145869.62,-0.0
2026.01.30 06:00:09,1440319903,XAUUSD,sell,0.09,5 181.80,5 237.50,5 046.12,2026.01.30 09:00:35,5 121.42,-0.64,0.0,543.42,2026-01-30 06:00:09,2026-01-30 09:00:35,543.42,Unknown STRAT,180.43333333333334,46413.04,146413.04,-0.0
2026.01.30 06:00:10,1440319950,XAUUSD,sell,0.09,5 181.71,5 237.50,5 042.55,2026.01.30 09:00:36,5 121.31,-0.64,0.0,543.6,2026-01-30 06:00:10,2026-01-30 09:00:36,543.6,Unknown STRAT,180.43333333333334,46956.64,146956.64,-0.0
2026.01.30 09:20:09,1440856776,XAUUSD,sell,0.09,5 064.64,5 123.00,4 918.39,2026.01.30 11:13:06,5 125.09,-0.64,0.0,-544.05,2026-01-30 09:20:09,2026-01-30 11:13:06,-544.05,Unknown STRAT,112.95,46412.59,146412.59,-0.5440500000000175
2026.01.30 09:20:10,1440856796,XAUUSD,sell,0.09,5 064.62,5 123.00,4 918.74,2026.01.30 11:13:06,5 125.09,-0.64,0.0,-544.23,2026-01-30 09:20:10,2026-01-30 11:13:06,-544.23,Unknown STRAT,112.93333333333334,45868.35999999999,145868.36,-1.088280000000028
2026.01.30 09:40:10,1440922199,XAUUSD,sell,0.11,5 029.12,5 073.00,4 919.63,2026.01.30 10:26:47,5 074.43,-0.78,0.0,-498.41,2026-01-30 09:40:10,2026-01-30 10:26:47,-498.41,Unknown STRAT,46.61666666666667,45369.94999999999,145369.94999999998,-1.5866900000000315
2026.01.30 17:40:10,1442583785,XAUUSD,sell,0.46,4 890.18,4 901.00,4 863.16,2026.01.30 17:43:45,4 860.71,-3.22,0.0,1 355.62,2026-01-30 17:40:10,2026-01-30 17:43:45,1355.62,Unknown STRAT,3.5833333333333335,46725.56999999999,146725.57,-0.231070000000007
2026.02.01 23:20:11,1444467459,XAUUSD,sell,0.03,4 714.53,4 901.00,4 244.19,2026.02.02 02:20:09,4 732.87,-0.22,0.0,-55.02,2026-02-01 23:20:11,2026-02-02 02:20:09,-55.02,Unknown STRAT,179.96666666666667,46670.549999999996,146670.55,-0.2860900000000256
2026.02.01 23:20:12,1444467514,XAUUSD,sell,0.03,4 714.26,4 901.00,4 248.35,2026.02.02 02:20:10,4 733.06,-0.22,0.0,-56.4,2026-02-01 23:20:12,2026-02-02 02:20:10,-56.4,Unknown STRAT,179.96666666666667,46614.149999999994,146614.15,-0.3424900000000198
2026.02.01 23:40:09,1444520779,XAUUSD,buy,0.09,4 779.11,4 723.50,4 917.19,2026.02.01 23:47:43,4 723.47,-0.64,0.0,-500.76,2026-02-01 23:40:09,2026-02-01 23:47:43,-500.76,Unknown STRAT,7.566666666666666,46113.38999999999,146113.38999999998,-0.843250000000029
2026.02.02 07:00:09,1445795489,XAUUSD,buy,0.05,4 504.25,4 393.00,4 781.12,2026.02.02 10:00:09,4 713.57,-0.36,0.0,1 046.60,2026-02-02 07:00:09,2026-02-02 10:00:09,1046.6,Unknown STRAT,180.0,47159.98999999999,147159.99,-0.0
2026.02.02 07:00:09,1445795538,XAUUSD,buy,0.04,4 504.29,4 393.00,4 782.38,2026.02.02 10:00:10,4 713.48,-0.28,0.0,836.76,2026-02-02 07:00:09,2026-02-02 10:00:10,836.76,Unknown STRAT,180.01666666666668,47996.74999999999,147996.75,-0.0
2026.02.02 07:00:10,1445795607,XAUUSD,buy,0.04,4 504.10,4 393.00,4 782.51,2026.02.02 10:00:10,4 713.50,-0.28,0.0,837.6,2026-02-02 07:00:10,2026-02-02 10:00:10,837.6,Unknown STRAT,180.0,48834.34999999999,148834.34999999998,-0.0
2026.02.03 08:40:10,1449720691,XAUUSD,buy,2.94,4 933.70,4 932.00,4 937.95,2026.02.03 08:40:35,4 938.14,-20.58,0.0,1 305.36,2026-02-03 08:40:10,2026-02-03 08:40:35,1305.36,Unknown STRAT,0.4166666666666667,50139.70999999999,150139.71,-0.0
2026.02.03 08:40:10,1449720694,XAUUSD,buy,2.94,4 933.85,4 932.00,4 937.95,2026.02.03 08:40:35,4 938.14,-20.58,0.0,1 261.26,2026-02-03 08:40:10,2026-02-03 08:40:35,1261.26,Unknown STRAT,0.4166666666666667,51400.969999999994,151400.97,-0.0
2026.02.03 09:40:09,1449852241,XAUUSD,buy,0.23,4 915.42,4 894.00,4 968.97,2026.02.03 11:02:26,4 893.88,-1.62,0.0,-495.42,2026-02-03 09:40:09,2026-02-03 11:02:26,-495.42,Unknown STRAT,82.28333333333333,50905.549999999996,150905.55,-0.4954200000000128
2026.02.03 09:40:10,1449852263,XAUUSD,buy,0.23,4 915.35,4 894.00,4 968.97,2026.02.03 11:02:26,4 893.88,-1.62,0.0,-493.81,2026-02-03 09:40:10,2026-02-03 11:02:26,-493.81,Unknown STRAT,82.26666666666667,50411.74,150411.74,-0.9892300000000106
2026.02.03 10:00:10,1449894604,XAUUSD,buy,0.46,4 916.97,4 906.00,4 944.40,2026.02.03 10:58:16,4 905.98,-3.22,0.0,-505.54,2026-02-03 10:00:10,2026-02-03 10:58:16,-505.54,Unknown STRAT,58.1,49906.2,149906.2,-1.4947699999999895
2026.02.03 16:20:10,1450968512,XAUUSD,buy,0.11,4 968.42,4 922.50,5 081.47,2026.02.03 17:42:14,4 922.66,-0.78,0.0,-503.36,2026-02-03 16:20:10,2026-02-03 17:42:14,-503.36,Unknown STRAT,82.06666666666666,49402.84,149402.84,-1.9981300000000046
2026.02.03 16:20:10,1450968553,XAUUSD,buy,0.11,4 968.38,4 922.50,5 083.22,2026.02.03 17:42:14,4 922.66,-0.78,0.0,-502.92,2026-02-03 16:20:10,2026-02-03 17:42:14,-502.92,Unknown STRAT,82.06666666666666,48899.92,148899.91999999998,-2.5010500000000175
2026.02.03 16:20:11,1450968579,XAUUSD,buy,0.11,4 967.98,4 922.50,5 083.08,2026.02.03 17:42:14,4 922.66,-0.78,0.0,-498.52,2026-02-03 16:20:11,2026-02-03 17:42:14,-498.52,Unknown STRAT,82.05,48401.4,148401.4,-2.999570000000007
2026.02.03 19:40:10,1451658761,XAUUSD,buy,0.23,4 938.17,4 917.00,4 993.40,2026.02.03 20:01:15,4 916.86,-1.62,0.0,-490.13,2026-02-03 19:40:10,2026-02-03 20:01:15,-490.13,Unknown STRAT,21.083333333333332,47911.270000000004,147911.27000000002,-3.4896999999999823
2026.02.03 19:40:10,1451658813,XAUUSD,buy,0.24,4 938.36,4 917.00,4 991.10,2026.02.03 20:01:15,4 916.86,-1.68,0.0,-516,2026-02-03 19:40:10,2026-02-03 20:01:15,-516.0,Unknown STRAT,21.083333333333332,47395.270000000004,147395.27000000002,-4.005699999999982
2026.02.03 19:40:11,1451658840,XAUUSD,buy,0.23,4 938.39,4 917.00,4 991.76,2026.02.03 20:01:15,4 916.86,-1.62,0.0,-495.19,2026-02-03 19:40:11,2026-02-03 20:01:15,-495.19,Unknown STRAT,21.066666666666666,46900.08,146900.08000000002,-4.500889999999985
2026.02.04 11:20:09,1453396568,XAUUSD,sell,0.33,5 029.86,5 045.00,4 991.38,2026.02.04 11:53:31,5 045.19,-2.32,0.0,-505.89,2026-02-04 11:20:09,2026-02-04 11:53:31,-505.89,Unknown STRAT,33.36666666666667,46394.19,146394.19,-5.006779999999999
